<?xml version="1.0" encoding="UTF-8"?> 
<scores>
<league>NFL</league><year>2006</year><season>Playoffs</season>
<date day="2007-01-06">
<game info="AFC Wild Card"> 
<team tnum="1"><name>Kansas City Chiefs</name><score>8</score><site>V</site><line>6.5</line><totline>51</totline></team>
<team tnum="2"><name>Indianapolis Colts</name><score>23</score><site>H</site><line>-6.5</line><totline>51</totline></team>
</game>
<game info="NFC Wild Card"> 
<team tnum="1"><name>Dallas Cowboys</name><score>20</score><site>V</site><line>2</line><totline>48.5</totline></team>
<team tnum="2"><name>Seattle Seahawks</name><score>21</score><site>H</site><line>-2</line><totline>48.5</totline></team>
</game>
</date>
<date day="2007-01-07">
<game info="AFC Wild Card"> 
<team tnum="1"><name>New York Jets</name><score>16</score><site>V</site><line>9</line><totline>38.5</totline></team>
<team tnum="2"><name>New England Patriots</name><score>37</score><site>H</site><line>-9</line><totline>38.5</totline></team>
</game>
<game info="NFC Wild Card"> 
<team tnum="1"><name>New York Giants</name><score>20</score><site>V</site><line>6</line><totline>46.5</totline></team>
<team tnum="2"><name>Philadelphia Eagles</name><score>23</score><site>H</site><line>-6</line><totline>46.5</totline></team>
</game>
</date>
<date day="2007-01-13">
<game info="AFC Divisional Playoff"> 
<team tnum="1"><name>Indianapolis Colts</name><score>15</score><site>V</site><line>4</line><totline>41</totline></team>
<team tnum="2"><name>Baltimore Ravens</name><score>6</score><site>H</site><line>-4</line><totline>41</totline></team>
</game>
<game info="NFC Divisional Playoff"> 
<team tnum="1"><name>Philadelphia Eagles</name><score>24</score><site>V</site><line>4.5</line><totline>48.5</totline></team>
<team tnum="2"><name>New Orleans Saints</name><score>27</score><site>H</site><line>-4.5</line><totline>48.5</totline></team>
</game>
</date>
<date day="2007-01-14">
<game info="NFC Divisional Playoff"> 
<team tnum="1"><name>Seattle Seahawks</name><score>24</score><site>V</site><line>8.5</line><totline>37.5</totline></team>
<team tnum="2"><name>Chicago Bears</name><score>27</score><site>H</site><line>-8.5</line><totline>37.5</totline></team>
</game>
<game info="AFC Divisional Playoff"> 
<team tnum="1"><name>New England Patriots</name><score>24</score><site>V</site><line>5</line><totline>46.5</totline></team>
<team tnum="2"><name>San Diego Chargers</name><score>21</score><site>H</site><line>-5</line><totline>46.5</totline></team>
</game>
</date>
<date day="2007-01-21">
<game info="NFC Championship"> 
<team tnum="1"><name>New Orleans Saints</name><score>14</score><site>V</site><line>3</line><totline>43</totline></team>
<team tnum="2"><name>Chicago Bears</name><score>39</score><site>H</site><line>-3</line><totline>43</totline></team>
</game>
<game info="AFC Championship"> 
<team tnum="1"><name>New England Patriots</name><score>34</score><site>V</site><line>3</line><totline>47</totline></team>
<team tnum="2"><name>Indianapolis Colts</name><score>38</score><site>H</site><line>-3</line><totline>47</totline></team>
</game>
</date>
<date day="2007-02-04">
<game info="Super Bowl XLI"> 
<team tnum="1"><name>Chicago Bears</name><score>17</score><line>6.5</line><totline>47</totline></team>
<team tnum="2"><name>Indianapolis Colts</name><score>29</score><line>-6.5</line><totline>47</totline></team>
</game>
</date>
</scores>
