<?xml version="1.0" encoding="UTF-8"?> 
<scores>
<league>NFL</league><year>1996</year><season>Playoffs</season>
<date day="1996-12-28">
<game info="AFC Wild Card"> 
<team tnum="1"><name>Jacksonville Jaguars</name><score>30</score><site>V</site><line>8.5</line></team>
<team tnum="2"><name>Buffalo Bills</name><score>27</score><site>H</site><line>-8.5</line></team>
</game>
<game info="NFC Wild Card"> 
<team tnum="1"><name>Minnesota Vikings</name><score>15</score><site>V</site><line>10</line></team>
<team tnum="2"><name>Dallas Cowboys</name><score>40</score><site>H</site><line>-10</line></team>
</game>
</date>
<date day="1996-12-29">
<game info="AFC Wild Card"> 
<team tnum="1"><name>Indianapolis Colts</name><score>14</score><site>V</site><line>8</line></team>
<team tnum="2"><name>Pittsburgh Steelers</name><score>42</score><site>H</site><line>-8</line></team>
</game>
<game info="NFC Wild Card"> 
<team tnum="1"><name>Philadelphia Eagles</name><score>0</score><site>V</site><line>10.5</line></team>
<team tnum="2"><name>San Francisco 49ers</name><score>14</score><site>H</site><line>-10.5</line></team>
</game>
</date>
<date day="1997-01-04">
<game info="NFC Divisional Playoff"> 
<team tnum="1"><name>San Francisco 49ers</name><score>14</score><site>V</site><line>5</line></team>
<team tnum="2"><name>Green Bay Packers</name><score>35</score><site>H</site><line>-5</line></team>
</game>
<game info="AFC Divisional Playoff"> 
<team tnum="1"><name>Jacksonville Jaguars</name><score>30</score><site>V</site><line>12.5</line></team>
<team tnum="2"><name>Denver Broncos</name><score>27</score><site>H</site><line>-12.5</line></team>
</game>
</date>
<date day="1997-01-05">
<game info="AFC Divisional Playoff"> 
<team tnum="1"><name>Pittsburgh Steelers</name><score>3</score><site>V</site><line>3</line></team>
<team tnum="2"><name>New England Patriots</name><score>28</score><site>H</site><line>-3</line></team>
</game>
<game info="NFC Divisional Playoff"> 
<team tnum="1"><name>Dallas Cowboys</name><score>17</score><site>V</site><line>-3.5</line></team>
<team tnum="2"><name>Carolina Panthers</name><score>26</score><site>H</site><line>3.5</line></team>
</game>
</date>
<date day="1997-01-12">
<game info="NFC Championship"> 
<team tnum="1"><name>Carolina Panthers</name><score>13</score><site>V</site><line>12</line></team>
<team tnum="2"><name>Green Bay Packers</name><score>30</score><site>H</site><line>-12</line></team>
</game>
<game info="AFC Championship"> 
<team tnum="1"><name>Jacksonville Jaguars</name><score>6</score><site>V</site><line>7.5</line></team>
<team tnum="2"><name>New England Patriots</name><score>20</score><site>H</site><line>-7.5</line></team>
</game>
</date>
<date day="1997-01-26">
<game info="Super Bowl XXXI"> 
<team tnum="1"><name>New England Patriots</name><score>21</score><line>14</line></team>
<team tnum="2"><name>Green Bay Packers</name><score>35</score><line>-14</line></team>
</game>
</date>
</scores>
