<?xml version="1.0" encoding="UTF-8"?> 
<scores>
<league>NFL</league><year>1987</year><season>Playoffs</season>
<date day="1988-01-03">
<game info="NFC Wild Card"> 
<team tnum="1"><name>Minnesota Vikings</name><score>44</score><site>V</site><line>6.5</line></team>
<team tnum="2"><name>New Orleans Saints</name><score>10</score><site>H</site><line>-6.5</line></team>
</game>
<game info="AFC Wild Card"> 
<team tnum="1"><name>Seattle Seahawks</name><score>20</score><site>V</site><line>-2.5</line></team>
<team tnum="2"><name>Houston Oilers</name><score>23</score><site>H</site><line>2.5</line></team>
</game>
</date>
<date day="1988-01-09">
<game info="AFC Divisional Playoff"> 
<team tnum="1"><name>Indianapolis Colts</name><score>21</score><site>V</site><line>8</line></team>
<team tnum="2"><name>Cleveland Browns</name><score>38</score><site>H</site><line>-8</line></team>
</game>
<game info="NFC Divisional Playoff"> 
<team tnum="1"><name>Minnesota Vikings</name><score>36</score><site>V</site><line>11</line></team>
<team tnum="2"><name>San Francisco 49ers</name><score>24</score><site>H</site><line>-11</line></team>
</game>
</date>
<date day="1988-01-10">
<game info="AFC Divisional Playoff"> 
<team tnum="1"><name>Houston Oilers</name><score>10</score><site>V</site><line>10</line></team>
<team tnum="2"><name>Denver Broncos</name><score>34</score><site>H</site><line>-10</line></team>
</game>
<game info="NFC Divisional Playoff"> 
<team tnum="1"><name>Washington Redskins</name><score>21</score><site>V</site><line>4.5</line></team>
<team tnum="2"><name>Chicago Bears</name><score>17</score><site>H</site><line>-4.5</line></team>
</game>
</date>
<date day="1988-01-17">
<game info="AFC Championship"> 
<team tnum="1"><name>Cleveland Browns</name><score>33</score><site>V</site><line>3</line></team>
<team tnum="2"><name>Denver Broncos</name><score>38</score><site>H</site><line>-3</line></team>
</game>
<game info="NFC Championship"> 
<team tnum="1"><name>Minnesota Vikings</name><score>10</score><site>V</site><line>3</line></team>
<team tnum="2"><name>Washington Redskins</name><score>17</score><site>H</site><line>-3</line></team>
</game>
</date>
<date day="1988-01-31">
<game info="Super Bowl XXII"> 
<team tnum="1"><name>Washington Redskins</name><score>42</score><line>3.5</line></team>
<team tnum="2"><name>Denver Broncos</name><score>10</score><line>-3.5</line></team>
</game>
</date>
</scores>
