<?xml version="1.0" encoding="UTF-8"?> 
<scores>
<league>NFL</league><year>2002</year><season>Playoffs</season>
<date day="2003-01-04">
<game info="AFC Wild Card"> 
<team tnum="1"><name>Indianapolis Colts</name><score>0</score><site>V</site><line>6</line></team>
<team tnum="2"><name>New York Jets</name><score>41</score><site>H</site><line>-6</line></team>
</game>
<game info="NFC Wild Card"> 
<team tnum="1"><name>Atlanta Falcons</name><score>27</score><site>V</site><line>6.5</line></team>
<team tnum="2"><name>Green Bay Packers</name><score>7</score><site>H</site><line>-6.5</line></team>
</game>
</date>
<date day="2003-01-05">
<game info="AFC Wild Card"> 
<team tnum="1"><name>Cleveland Browns</name><score>33</score><site>V</site><line>8</line></team>
<team tnum="2"><name>Pittsburgh Steelers</name><score>36</score><site>H</site><line>-8</line></team>
</game>
<game info="NFC Wild Card"> 
<team tnum="1"><name>New York Giants</name><score>38</score><site>V</site><line>3</line></team>
<team tnum="2"><name>San Francisco 49ers</name><score>39</score><site>H</site><line>-3</line></team>
</game>
</date>
<date day="2003-01-11">
<game info="AFC Divisional Playoff"> 
<team tnum="1"><name>Pittsburgh Steelers</name><score>31</score><site>V</site><line>4.5</line></team>
<team tnum="2"><name>Tennessee Titans</name><score>34</score><site>H</site><line>-4.5</line></team>
</game>
<game info="NFC Divisional Playoff"> 
<team tnum="1"><name>Atlanta Falcons</name><score>6</score><site>V</site><line>7.5</line></team>
<team tnum="2"><name>Philadelphia Eagles</name><score>20</score><site>H</site><line>-7.5</line></team>
</game>
</date>
<date day="2003-01-12">
<game info="NFC Divisional Playoff"> 
<team tnum="1"><name>San Francisco 49ers</name><score>6</score><site>V</site><line>6</line></team>
<team tnum="2"><name>Tampa Bay Buccaneers</name><score>31</score><site>H</site><line>-6</line></team>
</game>
<game info="AFC Divisional Playoff"> 
<team tnum="1"><name>New York Jets</name><score>10</score><site>V</site><line>5.5</line></team>
<team tnum="2"><name>Oakland Raiders</name><score>30</score><site>H</site><line>-5.5</line></team>
</game>
</date>
<date day="2003-01-19">
<game info="NFC Championship"> 
<team tnum="1"><name>Tampa Bay Buccaneers</name><score>27</score><site>V</site><line>4</line></team>
<team tnum="2"><name>Philadelphia Eagles</name><score>10</score><site>H</site><line>-4</line></team>
</game>
<game info="AFC Championship"> 
<team tnum="1"><name>Tennessee Titans</name><score>24</score><site>V</site><line>9</line></team>
<team tnum="2"><name>Oakland Raiders</name><score>41</score><site>H</site><line>-9</line></team>
</game>
</date>
<date day="2003-01-26">
<game info="Super Bowl XXXVII"> 
<team tnum="1"><name>Tampa Bay Buccaneers</name><score>48</score><line>3.5</line></team>
<team tnum="2"><name>Oakland Raiders</name><score>21</score><line>-3.5</line></team>
</game>
</date>
</scores>
