<?xml version="1.0" encoding="UTF-8"?> 
<scores>
<league>NFL</league><year>2003</year><season>Playoffs</season>
<date day="2004-01-03">
<game info="AFC Wild Card"> 
<team tnum="1"><name>Tennessee Titans</name><score>20</score><site>V</site><line>-1</line></team>
<team tnum="2"><name>Baltimore Ravens</name><score>17</score><site>H</site><line>1</line></team>
</game>
<game info="NFC Wild Card"> 
<team tnum="1"><name>Dallas Cowboys</name><score>10</score><site>V</site><line>3</line></team>
<team tnum="2"><name>Carolina Panthers</name><score>29</score><site>H</site><line>-3</line></team>
</game>
</date>
<date day="2004-01-04">
<game info="NFC Wild Card"> 
<team tnum="1"><name>Seattle Seahawks</name><score>27</score><site>V</site><line>7.5</line></team>
<team tnum="2"><name>Green Bay Packers</name><score>33</score><site>H</site><line>-7.5</line></team>
</game>
<game info="AFC Wild Card"> 
<team tnum="1"><name>Denver Broncos</name><score>10</score><site>V</site><line>3</line></team>
<team tnum="2"><name>Indianapolis Colts</name><score>41</score><site>H</site><line>-3</line></team>
</game>
</date>
<date day="2004-01-10">
<game info="NFC Divisional Playoffs"> 
<team tnum="1"><name>Carolina Panthers</name><score>29</score><site>V</site><line>7</line></team>
<team tnum="2"><name>St Louis Rams</name><score>23</score><site>H</site><line>-7</line></team>
</game>
<game info="AFC Divisional Playoffs"> 
<team tnum="1"><name>Tennessee Titans</name><score>14</score><site>V</site><line>6</line></team>
<team tnum="2"><name>New England Patriots</name><score>17</score><site>H</site><line>-6</line></team>
</game>
</date>
<date day="2004-01-11">
<game info="AFC Divisional Playoffs"> 
<team tnum="1"><name>Indianapolis Colts</name><score>38</score><site>V</site><line>3</line></team>
<team tnum="2"><name>Kansas City Chiefs</name><score>31</score><site>H</site><line>-3</line></team>
</game>
<game info="NFC Divisional Playoffs"> 
<team tnum="1"><name>Green Bay Packers</name><score>17</score><site>V</site><line>4</line></team>
<team tnum="2"><name>Philadelphia Eagles</name><score>20</score><site>H</site><line>-4</line></team>
</game>
</date>
<date day="2004-01-18">
<game info="AFC Championship"> 
<team tnum="1"><name>Indianapolis Colts</name><score>14</score><site>V</site><line>3.5</line></team>
<team tnum="2"><name>New England Patriots</name><score>24</score><site>H</site><line>-3.5</line></team>
</game>
<game info="NFC Championship"> 
<team tnum="1"><name>Carolina Panthers</name><score>14</score><site>V</site><line>4</line></team>
<team tnum="2"><name>Philadelphia Eagles</name><score>3</score><site>H</site><line>-4</line></team>
</game>
</date>
<date day="2004-02-01">
<game info="Super Bowl XXXVIII"> 
<team tnum="1"><name>Carolina Panthers</name><score>29</score><line>7</line></team>
<team tnum="2"><name>New England Patriots</name><score>32</score><line>-7</line></team>
</game>
</date>
</scores>
