<?xml version="1.0" encoding="UTF-8"?> 
<scores>
<league>NFL</league><year>1998</year><season>Playoffs</season>
<date day="1999-01-02">
<game info="AFC Wild Card"> 
<team tnum="1"><name>Buffalo Bills</name><score>17</score><site>V</site><line>2.5</line></team>
<team tnum="2"><name>Miami Dolphins</name><score>24</score><site>H</site><line>-2.5</line></team>
</game>
<game info="NFC Wild Card"> 
<team tnum="1"><name>Arizona Cardinals</name><score>20</score><site>V</site><line>7</line></team>
<team tnum="2"><name>Dallas Cowboys</name><score>7</score><site>H</site><line>-7</line></team>
</game>
</date>
<date day="1999-01-03">
<game info="AFC Wild Card"> 
<team tnum="1"><name>New England Patriots</name><score>10</score><site>V</site><line>8.5</line></team>
<team tnum="2"><name>Jacksonville Jaguars</name><score>25</score><site>H</site><line>-8.5</line></team>
</game>
<game info="NFC Wild Card"> 
<team tnum="1"><name>Green Bay Packers</name><score>27</score><site>V</site><line>3</line></team>
<team tnum="2"><name>San Francisco 49ers</name><score>30</score><site>H</site><line>-3</line></team>
</game>
</date>
<date day="1999-01-09">
<game info="NFC Divisional Playoff"> 
<team tnum="1"><name>San Francisco 49ers</name><score>18</score><site>V</site><line>3.5</line></team>
<team tnum="2"><name>Atlanta Falcons</name><score>20</score><site>H</site><line>-3.5</line></team>
</game>
<game info="AFC Divisional Playoff"> 
<team tnum="1"><name>Miami Dolphins</name><score>3</score><site>V</site><line>13.5</line></team>
<team tnum="2"><name>Denver Broncos</name><score>38</score><site>H</site><line>-13.5</line></team>
</game>
</date>
<date day="1999-01-10">
<game info="AFC Divisional Playoff"> 
<team tnum="1"><name>Jacksonville Jaguars</name><score>24</score><site>V</site><line>9</line></team>
<team tnum="2"><name>New York Jets</name><score>34</score><site>H</site><line>-9</line></team>
</game>
<game info="NFC Divisional Playoff"> 
<team tnum="1"><name>Arizona Cardinals</name><score>21</score><site>V</site><line>16.5</line></team>
<team tnum="2"><name>Minnesota Vikings</name><score>41</score><site>H</site><line>-16.5</line></team>
</game>
</date>
<date day="1999-01-17">
<game info="NFC Championship"> 
<team tnum="1"><name>Atlanta Falcons</name><score>30</score><site>V</site><line>11</line></team>
<team tnum="2"><name>Minnesota Vikings</name><score>27</score><site>H</site><line>-11</line></team>
</game>
<game info="AFC Championship"> 
<team tnum="1"><name>New York Jets</name><score>10</score><site>V</site><line>9</line></team>
<team tnum="2"><name>Denver Broncos</name><score>23</score><site>H</site><line>-9</line></team>
</game>
</date>
<date day="1999-01-31">
<game info="Super Bowl XXXIII"> 
<team tnum="1"><name>Atlanta Falcons</name><score>19</score><line>7.5</line></team>
<team tnum="2"><name>Denver Broncos</name><score>34</score><line>-7.5</line></team>
</game>
</date>
</scores>
