<?xml version="1.0" encoding="UTF-8"?> 
<scores>
<league>NFL</league><year>2005</year><season>Playoffs</season>
<date day="2006-01-07">
<game info="NFC Wild Card"> 
<team tnum="1"><name>Washington Redskins</name><score>17</score><site>V</site><line>2.5</line></team>
<team tnum="2"><name>Tampa Bay Buccaneers</name><score>10</score><site>H</site><line>-2.5</line></team>
</game>
<game info="AFC Wild Card"> 
<team tnum="1"><name>Jacksonville Jaguars</name><score>3</score><site>V</site><line>8</line></team>
<team tnum="2"><name>New England Patriots</name><score>28</score><site>H</site><line>-8</line></team>
</game>
</date>
<date day="2006-01-08">
<game info="NFC Wild Card"> 
<team tnum="1"><name>Carolina Panthers</name><score>23</score><site>V</site><line>3</line></team>
<team tnum="2"><name>New York Giants</name><score>0</score><site>H</site><line>-3</line></team>
</game>
<game info="AFC Wild Card"> 
<team tnum="1"><name>Pittsburgh Steelers</name><score>31</score><site>V</site><line>-3</line></team>
<team tnum="2"><name>Cincinnati Bengals</name><score>17</score><site>H</site><line>3</line></team>
</game>
</date>
<date day="2006-01-14">
<game info="NFC Divisional Playoff"> 
<team tnum="1"><name>Washington Redskins</name><score>10</score><site>V</site><line>8.5</line></team>
<team tnum="2"><name>Seattle Seahawks</name><score>20</score><site>H</site><line>-8.5</line></team>
</game>
<game info="AFC Divisional Playoff"> 
<team tnum="1"><name>New England Patriots</name><score>13</score><site>V</site><line>3</line></team>
<team tnum="2"><name>Denver Broncos</name><score>27</score><site>H</site><line>-3</line></team>
</game>
</date>
<date day="2006-01-15">
<game info="AFC Divisional Playoff"> 
<team tnum="1"><name>Pittsburgh Steelers</name><score>21</score><site>V</site><line>8.5</line></team>
<team tnum="2"><name>Indianapolis Colts</name><score>18</score><site>H</site><line>-8.5</line></team>
</game>
<game info="NFC Divisional Playoff"> 
<team tnum="1"><name>Carolina Panthers</name><score>29</score><site>V</site><line>3</line></team>
<team tnum="2"><name>Chicago Bears</name><score>21</score><site>H</site><line>-3</line></team>
</game>
</date>
<date day="2006-01-22">
<game info="AFC Championship"> 
<team tnum="1"><name>Pittsburgh Steelers</name><score>34</score><site>V</site><line>3.5</line></team>
<team tnum="2"><name>Denver Broncos</name><score>17</score><site>H</site><line>-3.5</line></team>
</game>
<game info="NFC Championship"> 
<team tnum="1"><name>Carolina Panthers</name><score>14</score><site>V</site><line>5.5</line></team>
<team tnum="2"><name>Seattle Seahawks</name><score>34</score><site>H</site><line>-5.5</line></team>
</game>
</date>
<date day="2006-02-05">
<game info="Super Bowl XL"> 
<team tnum="1"><name>Seattle Seahawks</name><score>10</score><line>4</line></team>
<team tnum="2"><name>Pittsburgh Steelers</name><score>21</score><line>-4</line></team>
</game>
</date>
</scores>
