<?xml version="1.0" encoding="UTF-8"?> 
<scores>
<league>College Football</league><year>1989</year><season>Bowls</season>
<date day="1989-12-09">
<game info="California Bowl"> 
<team tnum="1"><name>Ball State</name><score>6</score></team>
<team tnum="2"><name>Fresno State</name><score>27</score></team>
</game>
</date>
<date day="1989-12-16">
<game info="Independence Bowl"> 
<team tnum="1"><name>Oregon</name><score>27</score><line>-14.5</line></team>
<team tnum="2"><name>Tulsa</name><score>24</score><line>14.5</line></team>
</game>
</date>
<date day="1989-12-25">
<game info="Aloha Bowl"> 
<team tnum="1"><name>Michigan State</name><score>33</score><line>-7.0</line></team>
<team tnum="2"><name>Hawaii</name><score>13</score><line>7</line></team>
</game>
</date>
<date day="1989-12-28">
<game info="Liberty Bowl"> 
<team tnum="1"><name>Air Force</name><score>29</score><line>-3.0</line></team>
<team tnum="2"><name>Mississippi</name><score>42</score><line>3</line></team>
</game>
<game info="All-American Bowl"> 
<team tnum="1"><name>Duke</name><score>21</score><line>-3.0</line></team>
<team tnum="2"><name>Texas Tech</name><score>49</score><line>3</line></team>
</game>
</date>
<date day="1989-12-29">
<game info="Holiday Bowl"> 
<team tnum="1"><name>Brigham Young</name><score>39</score><line>2.5</line></team>
<team tnum="2"><name>Penn State</name><score>50</score><line>-2.5</line></team>
</game>
</date>
<date day="1989-12-30">
<game info="Gator Bowl"> 
<team tnum="1"><name>Clemson</name><score>27</score><line>-7.0</line></team>
<team tnum="2"><name>West Virginia</name><score>7</score><line>7</line></team>
</game>
<game info="Freedom Bowl"> 
<team tnum="1"><name>Florida</name><score>7</score><line>3.0</line></team>
<team tnum="2"><name>Washington</name><score>34</score><line>-3</line></team>
</game>
<game info="Peach Bowl"> 
<team tnum="1"><name>Georgia</name><score>18</score><line>-2.0</line></team>
<team tnum="2"><name>Syracuse</name><score>19</score><line>2</line></team>
</game>
<game info="Sun Bowl"> 
<team tnum="1"><name>Pittsburgh</name><score>31</score><line>6.0</line></team>
<team tnum="2"><name>Texas A+M</name><score>28</score><line>-6</line></team>
</game>
</date>
<date day="1989-12-31">
<game info="Copper Bowl"> 
<team tnum="1"><name>No Carolina State</name><score>10</score><line>6.5</line></team>
<team tnum="2"><name>Arizona</name><score>17</score><line>-6.5</line></team>
</game>
</date>
<date day="1990-01-01">
<game info="Sugar Bowl"> 
<team tnum="1"><name>Alabama</name><score>25</score><line>9.0</line></team>
<team tnum="2"><name>Miami-Florida</name><score>33</score><line>-9</line></team>
</game>
<game info="Cotton Bowl"> 
<team tnum="1"><name>Arkansas</name><score>27</score><line>-2.0</line></team>
<team tnum="2"><name>Tennessee</name><score>31</score><line>2</line></team>
</game>
<game info="Hall of Fame Bowl"> 
<team tnum="1"><name>Auburn</name><score>31</score><line>-8.0</line></team>
<team tnum="2"><name>Ohio State</name><score>14</score><line>8</line></team>
</game>
<game info="Orange Bowl"> 
<team tnum="1"><name>Colorado</name><score>6</score><line>2.0</line></team>
<team tnum="2"><name>Notre Dame</name><score>21</score><line>-2</line></team>
</game>
<game info="Fiesta Bowl"> 
<team tnum="1"><name>Florida State</name><score>41</score><line>-3.5</line></team>
<team tnum="2"><name>Nebraska</name><score>17</score><line>3.5</line></team>
</game>
<game info="Citrus Bowl"> 
<team tnum="1"><name>Illinois</name><score>31</score><line>-3.0</line></team>
<team tnum="2"><name>Virginia</name><score>21</score><line>3</line></team>
</game>
<game info="Rose Bowl"> 
<team tnum="1"><name>Michigan</name><score>10</score><line>1.5</line></team>
<team tnum="2"><name>Southern Cal</name><score>17</score><line>-1.5</line></team>
</game>
</date>
</scores>
