<?xml version="1.0" encoding="UTF-8"?> 
<scores>
<league>College Football</league><year>1987</year><season>Bowls</season>
<date day="1987-12-12">
<game info="California Bowl"> 
<team tnum="1"><name>Eastern Michigan</name><score>30</score></team>
<team tnum="2"><name>San Jose State</name><score>27</score></team>
</game>
</date>
<date day="1987-12-19">
<game info="Independence Bowl"> 
<team tnum="1"><name>Tulane</name><score>12</score><line>6.0</line></team>
<team tnum="2"><name>Washington</name><score>24</score><line>-6</line></team>
</game>
</date>
<date day="1987-12-22">
<game info="All-American Bowl"> 
<team tnum="1"><name>Brigham Young</name><score>16</score><line>-1.0</line></team>
<team tnum="2"><name>Virginia</name><score>22</score><line>1</line></team>
</game>
</date>
<date day="1987-12-25">
<game info="Aloha Bowl"> 
<team tnum="1"><name>Florida</name><score>16</score><line>8.5</line></team>
<team tnum="2"><name>U.C.L.A.</name><score>20</score><line>-8.5</line></team>
</game>
<game info="Sun Bowl"> 
<team tnum="1"><name>Oklahoma State</name><score>35</score><line>0.0</line></team>
<team tnum="2"><name>West Virginia</name><score>33</score><line>0</line></team>
</game>
</date>
<date day="1987-12-29">
<game info="Liberty Bowl"> 
<team tnum="1"><name>Arkansas</name><score>17</score><line>7.0</line></team>
<team tnum="2"><name>Georgia</name><score>20</score><line>-7</line></team>
</game>
</date>
<date day="1987-12-30">
<game info="Freedom Bowl"> 
<team tnum="1"><name>Air Force</name><score>28</score><line>6.5</line></team>
<team tnum="2"><name>Arizona State</name><score>33</score><line>-6.5</line></team>
</game>
<game info="Holiday Bowl"> 
<team tnum="1"><name>Iowa</name><score>20</score><line>-4.0</line></team>
<team tnum="2"><name>Wyoming</name><score>19</score><line>4</line></team>
</game>
</date>
<date day="1987-12-31">
<game info="Gator Bowl"> 
<team tnum="1"><name>Louisiana State</name><score>30</score><line>3.5</line></team>
<team tnum="2"><name>South Carolina</name><score>13</score><line>-3.5</line></team>
</game>
<game info="Bluebonnet Bowl"> 
<team tnum="1"><name>Pittsburgh</name><score>27</score><line>-4.0</line></team>
<team tnum="2"><name>Texas</name><score>32</score><line>4</line></team>
</game>
</date>
<date day="1988-01-01">
<game info="Sugar Bowl"> 
<team tnum="1"><name>Auburn</name><score>16</score><line>-2.5</line></team>
<team tnum="2"><name>Syracuse</name><score>16</score><line>2.5</line></team>
</game>
<game info="Citrus Bowl"> 
<team tnum="1"><name>Clemson</name><score>35</score><line>-2.0</line></team>
<team tnum="2"><name>Penn State</name><score>10</score><line>2</line></team>
</game>
<game info="Fiesta Bowl"> 
<team tnum="1"><name>Florida State</name><score>31</score><line>-3.5</line></team>
<team tnum="2"><name>Nebraska</name><score>28</score><line>3.5</line></team>
</game>
<game info="Rose Bowl"> 
<team tnum="1"><name>Michigan State</name><score>20</score><line>3.0</line></team>
<team tnum="2"><name>Southern Cal</name><score>17</score><line>-3</line></team>
</game>
<game info="Cotton Bowl"> 
<team tnum="1"><name>Notre Dame</name><score>10</score><line>-5.5</line></team>
<team tnum="2"><name>Texas A+M</name><score>35</score><line>5.5</line></team>
</game>
<game info="Orange Bowl"> 
<team tnum="1"><name>Oklahoma</name><score>14</score><line>-3.0</line></team>
<team tnum="2"><name>Miami-Florida</name><score>20</score><line>3</line></team>
</game>
</date>
<date day="1988-01-02">
<game info="Hall of Fame Bowl"> 
<team tnum="1"><name>Alabama</name><score>24</score><line>-1.0</line></team>
<team tnum="2"><name>Michigan</name><score>28</score><line>1</line></team>
</game>
<game info="Peach Bowl"> 
<team tnum="1"><name>Indiana</name><score>22</score><line>6.5</line></team>
<team tnum="2"><name>Tennessee</name><score>27</score><line>-6.5</line></team>
</game>
</date>
</scores>
