<?xml version="1.0" encoding="UTF-8"?> 
<scores>
<league>College Football</league><year>1978</year><season>Bowls</season>
<date day="1978-12-16">
<game info="Garden State Bowl"> 
<team tnum="1"><name>Arizona State</name><score>34</score><line>-11.0</line></team>
<team tnum="2"><name>Rutgers</name><score>18</score><line>11</line></team>
</game>
<game info="Independence Bowl"> 
<team tnum="1"><name>East Carolina</name><score>35</score></team>
<team tnum="2"><name>Louisiana Tech</name><score>13</score></team>
</game>
</date>
<date day="1978-12-20">
<game info="Hall of Fame Bowl"> 
<team tnum="1"><name>Iowa State</name><score>12</score><line>6.5</line></team>
<team tnum="2"><name>Texas A+M</name><score>28</score><line>-6.5</line></team>
</game>
</date>
<date day="1978-12-22">
<game info="Holiday Bowl"> 
<team tnum="1"><name>Brigham Young</name><score>16</score><line>5.5</line></team>
<team tnum="2"><name>Navy</name><score>23</score><line>-5.5</line></team>
</game>
</date>
<date day="1978-12-23">
<game info="Liberty Bowl"> 
<team tnum="1"><name>Louisiana State</name><score>15</score><line>7.0</line></team>
<team tnum="2"><name>Missouri</name><score>20</score><line>-7</line></team>
</game>
<game info="Sun Bowl"> 
<team tnum="1"><name>Maryland</name><score>0</score><line>6.5</line></team>
<team tnum="2"><name>Texas</name><score>42</score><line>-6.5</line></team>
</game>
<game info="Tangerine Bowl"> 
<team tnum="1"><name>No Carolina State</name><score>30</score><line>5.5</line></team>
<team tnum="2"><name>Pittsburgh</name><score>17</score><line>-5.5</line></team>
</game>
</date>
<date day="1978-12-25">
<game info="Fiesta Bowl"> 
<team tnum="1"><name>Arkansas</name><score>10</score><line>-7.5</line></team>
<team tnum="2"><name>U.C.L.A.</name><score>10</score><line>7.5</line></team>
</game>
<game info="Peach Bowl"> 
<team tnum="1"><name>Purdue</name><score>41</score><line>-6.0</line></team>
<team tnum="2"><name>Georgia Tech</name><score>21</score><line>6</line></team>
</game>
</date>
<date day="1978-12-29">
<game info="Gator Bowl"> 
<team tnum="1"><name>Clemson</name><score>17</score><line>-2.0</line></team>
<team tnum="2"><name>Ohio State</name><score>15</score><line>2</line></team>
</game>
</date>
<date day="1978-12-31">
<game info="Bluebonnet Bowl"> 
<team tnum="1"><name>Georgia</name><score>22</score><line>7.5</line></team>
<team tnum="2"><name>Stanford</name><score>25</score><line>-7.5</line></team>
</game>
</date>
<date day="1979-01-01">
<game info="Sugar Bowl"> 
<team tnum="1"><name>Alabama</name><score>14</score><line>-1.0</line></team>
<team tnum="2"><name>Penn State</name><score>7</score><line>1</line></team>
</game>
<game info="Cotton Bowl"> 
<team tnum="1"><name>Houston</name><score>34</score><line>3.5</line></team>
<team tnum="2"><name>Notre Dame</name><score>35</score><line>-3.5</line></team>
</game>
<game info="Rose Bowl"> 
<team tnum="1"><name>Michigan</name><score>10</score><line>5.5</line></team>
<team tnum="2"><name>Southern Cal</name><score>17</score><line>-5.5</line></team>
</game>
<game info="Orange Bowl"> 
<team tnum="1"><name>Nebraska</name><score>24</score><line>11.0</line></team>
<team tnum="2"><name>Oklahoma</name><score>31</score><line>-11</line></team>
</game>
</date>
</scores>
