<?xml version="1.0" encoding="UTF-8"?> 
<scores>
<league>College Football</league><year>1988</year><season>Bowls</season>
<date day="1988-12-10">
<game info="California Bowl"> 
<team tnum="1"><name>Western Michigan</name><score>30</score></team>
<team tnum="2"><name>Fresno State</name><score>35</score></team>
</game>
</date>
<date day="1988-12-23">
<game info="Independence Bowl"> 
<team tnum="1"><name>Southern Miss</name><score>38</score><line>1.0</line></team>
<team tnum="2"><name>UTEP</name><score>18</score><line>-1</line></team>
</game>
</date>
<date day="1988-12-24">
<game info="Sun Bowl"> 
<team tnum="1"><name>Alabama</name><score>29</score><line>-14.0</line></team>
<team tnum="2"><name>Army</name><score>28</score><line>14</line></team>
</game>
</date>
<date day="1988-12-25">
<game info="Aloha Bowl"> 
<team tnum="1"><name>Houston</name><score>22</score><line>-4.5</line></team>
<team tnum="2"><name>Washington State</name><score>24</score><line>4.5</line></team>
</game>
</date>
<date day="1988-12-28">
<game info="Liberty Bowl"> 
<team tnum="1"><name>Indiana</name><score>34</score><line>-3.0</line></team>
<team tnum="2"><name>South Carolina</name><score>10</score><line>3</line></team>
</game>
</date>
<date day="1988-12-29">
<game info="Freedom Bowl"> 
<team tnum="1"><name>Brigham Young</name><score>20</score><line>3.0</line></team>
<team tnum="2"><name>Colorado</name><score>17</score><line>-3</line></team>
</game>
<game info="All-American Bowl"> 
<team tnum="1"><name>Florida</name><score>14</score><line>-5.5</line></team>
<team tnum="2"><name>Illinois</name><score>10</score><line>5.5</line></team>
</game>
</date>
<date day="1988-12-30">
<game info="Holiday Bowl"> 
<team tnum="1"><name>Oklahoma State</name><score>62</score><line>-2.5</line></team>
<team tnum="2"><name>Wyoming</name><score>14</score><line>2.5</line></team>
</game>
</date>
<date day="1988-12-31">
<game info="Peach Bowl"> 
<team tnum="1"><name>Iowa</name><score>23</score><line>1.0</line></team>
<team tnum="2"><name>No Carolina State</name><score>28</score><line>-1</line></team>
</game>
</date>
<date day="1989-01-01">
<game info="Gator Bowl"> 
<team tnum="1"><name>Georgia</name><score>34</score><line>8.5</line></team>
<team tnum="2"><name>Michigan State</name><score>27</score><line>-8.5</line></team>
</game>
</date>
<date day="1989-01-02">
<game info="Cotton Bowl"> 
<team tnum="1"><name>Arkansas</name><score>3</score><line>6.0</line></team>
<team tnum="2"><name>U.C.L.A.</name><score>17</score><line>-6</line></team>
</game>
<game info="Sugar Bowl"> 
<team tnum="1"><name>Auburn</name><score>7</score><line>5.5</line></team>
<team tnum="2"><name>Florida State</name><score>13</score><line>-5.5</line></team>
</game>
<game info="Citrus Bowl"> 
<team tnum="1"><name>Clemson</name><score>13</score><line>-1.0</line></team>
<team tnum="2"><name>Oklahoma</name><score>6</score><line>1</line></team>
</game>
<game info="Hall of Fame Bowl"> 
<team tnum="1"><name>Louisiana State</name><score>10</score><line>2.0</line></team>
<team tnum="2"><name>Syracuse</name><score>23</score><line>-2</line></team>
</game>
<game info="Rose Bowl"> 
<team tnum="1"><name>Michigan</name><score>22</score><line>6.5</line></team>
<team tnum="2"><name>Southern Cal</name><score>14</score><line>-6.5</line></team>
</game>
<game info="Fiesta Bowl"> 
<team tnum="1"><name>Notre Dame</name><score>34</score><line>-5.0</line></team>
<team tnum="2"><name>West Virginia</name><score>21</score><line>5</line></team>
</game>
<game info="Orange Bowl"> 
<team tnum="1"><name>Nebraska</name><score>3</score><line>6.5</line></team>
<team tnum="2"><name>Miami-Florida</name><score>23</score><line>-6.5</line></team>
</game>
</date>
</scores>
