<?xml version="1.0" encoding="UTF-8"?> 
<scores>
<league>College Football</league><year>1979</year><season>Bowls</season>
<date day="1979-12-15">
<game info="Garden State Bowl"> 
<team tnum="1"><name>California</name><score>17</score><line>2.0</line></team>
<team tnum="2"><name>Temple</name><score>28</score><line>-2</line></team>
</game>
<game info="Independence Bowl"> 
<team tnum="1"><name>McNeese State</name><score>7</score><line>2.0</line></team>
<team tnum="2"><name>Syracuse</name><score>31</score><line>-2</line></team>
</game>
</date>
<date day="1979-12-21">
<game info="Holiday Bowl"> 
<team tnum="1"><name>Brigham Young</name><score>37</score><line>-8.0</line></team>
<team tnum="2"><name>Indiana</name><score>38</score><line>8</line></team>
</game>
</date>
<date day="1979-12-22">
<game info="Tangerine Bowl"> 
<team tnum="1"><name>Louisiana State</name><score>34</score><line>-6.5</line></team>
<team tnum="2"><name>Wake Forest</name><score>10</score><line>6.5</line></team>
</game>
<game info="Liberty Bowl"> 
<team tnum="1"><name>Penn State</name><score>9</score><line>-2.0</line></team>
<team tnum="2"><name>Tulane</name><score>6</score><line>2</line></team>
</game>
<game info="Sun Bowl"> 
<team tnum="1"><name>Texas</name><score>7</score><line>-6.5</line></team>
<team tnum="2"><name>Washington</name><score>14</score><line>6.5</line></team>
</game>
</date>
<date day="1979-12-25">
<game info="Fiesta Bowl"> 
<team tnum="1"><name>Arizona</name><score>10</score><line>9.5</line></team>
<team tnum="2"><name>Pittsburgh</name><score>16</score><line>-9.5</line></team>
</game>
</date>
<date day="1979-12-28">
<game info="Gator Bowl"> 
<team tnum="1"><name>Michigan</name><score>15</score><line>-6.5</line></team>
<team tnum="2"><name>North Carolina</name><score>17</score><line>6.5</line></team>
</game>
</date>
<date day="1979-12-29">
<game info="Hall of Fame Bowl"> 
<team tnum="1"><name>Missouri</name><score>24</score><line>-2.0</line></team>
<team tnum="2"><name>South Carolina</name><score>14</score><line>2</line></team>
</game>
</date>
<date day="1979-12-31">
<game info="Peach Bowl"> 
<team tnum="1"><name>Baylor</name><score>24</score><line>4.0</line></team>
<team tnum="2"><name>Clemson</name><score>18</score><line>-4</line></team>
</game>
<game info="Bluebonnet Bowl"> 
<team tnum="1"><name>Purdue</name><score>27</score><line>-6.5</line></team>
<team tnum="2"><name>Tennessee</name><score>22</score><line>6.5</line></team>
</game>
</date>
<date day="1980-01-01">
<game info="Sugar Bowl"> 
<team tnum="1"><name>Alabama</name><score>24</score><line>-6.5</line></team>
<team tnum="2"><name>Arkansas</name><score>9</score><line>6.5</line></team>
</game>
<game info="Orange Bowl"> 
<team tnum="1"><name>Florida State</name><score>7</score><line>8.0</line></team>
<team tnum="2"><name>Oklahoma</name><score>24</score><line>-8</line></team>
</game>
<game info="Cotton Bowl"> 
<team tnum="1"><name>Houston</name><score>17</score><line>3.5</line></team>
<team tnum="2"><name>Nebraska</name><score>14</score><line>-3.5</line></team>
</game>
<game info="Rose Bowl"> 
<team tnum="1"><name>Ohio State</name><score>16</score><line>7.5</line></team>
<team tnum="2"><name>Southern Cal</name><score>17</score><line>-7.5</line></team>
</game>
</date>
</scores>
