<?xml version="1.0" encoding="UTF-8"?> 
<scores>
<league>College Football</league><year>2008</year><season>Bowls</season>
<date day="2008-12-20">
<game info="EagleBank Bowl"> 
<team tnum="1"><name>Navy</name><score>19</score><line>3.0</line></team>
<team tnum="2"><name>Wake Forest</name><score>29</score><line>-3</line></team>
</game>
<game info="New Mexico Bowl"> 
<team tnum="1"><name>Fresno State</name><score>35</score><line>-3.0</line></team>
<team tnum="2"><name>Colorado State</name><score>40</score><line>3</line></team>
</game>
<game info="St Petersburg Bowl"> 
<team tnum="1"><name>Memphis</name><score>14</score><line>11.0</line></team>
<team tnum="2"><name>South Florida</name><score>41</score><line>-11</line></team>
</game>
<game info="Las Vegas Bowl"> 
<team tnum="1"><name>Brigham Young</name><score>21</score><line>3.5</line></team>
<team tnum="2"><name>Arizona</name><score>31</score><line>-3.5</line></team>
</game>
</date>
<date day="2008-12-21">
<game info="New Orleans Bowl"> 
<team tnum="1"><name>Troy</name><score>27</score><line>-5.0</line></team>
<team tnum="2"><name>Southern Miss</name><score>30</score><line>5</line></team>
</game>
</date>
<date day="2008-12-23">
<game info="Poinsettia Bowl"> 
<team tnum="1"><name>Texas Christian</name><score>17</score><line>-3.0</line></team>
<team tnum="2"><name>Boise State</name><score>16</score><line>3</line></team>
</game>
</date>
<date day="2008-12-24">
<game info="Hawaii Bowl"> 
<team tnum="1"><name>Notre Dame</name><score>49</score><line>-2.5</line></team>
<team tnum="2"><name>Hawaii</name><score>21</score><line>2.5</line></team>
</game>
</date>
<date day="2008-12-26">
<game info="Motor City Bowl"> 
<team tnum="1"><name>Florida Atlantic</name><score>24</score><line>7.0</line></team>
<team tnum="2"><name>Central Michigan</name><score>21</score><line>-7</line></team>
</game>
</date>
<date day="2008-12-27">
<game info="Meineke Car Care Bowl"> 
<team tnum="1"><name>West Virginia</name><score>31</score><line>-2.5</line></team>
<team tnum="2"><name>North Carolina</name><score>30</score><line>2.5</line></team>
</game>
<game info="Champs Sports Bowl"> 
<team tnum="1"><name>Wisconsin</name><score>13</score><line>7.0</line></team>
<team tnum="2"><name>Florida State</name><score>42</score><line>-7</line></team>
</game>
<game info="Emerald Bowl"> 
<team tnum="1"><name>Miami-Florida</name><score>17</score><line>10.0</line></team>
<team tnum="2"><name>California</name><score>24</score><line>-10</line></team>
</game>
</date>
<date day="2008-12-28">
<game info="Independence Bowl"> 
<team tnum="1"><name>Northern Illinois</name><score>10</score><line>3.0</line></team>
<team tnum="2"><name>Louisiana Tech</name><score>17</score><line>-3</line></team>
</game>
</date>
<date day="2008-12-29">
<game info="PapaJohns.com Bowl"> 
<team tnum="1"><name>No Carolina State</name><score>23</score><line>6.0</line></team>
<team tnum="2"><name>Rutgers</name><score>29</score><line>-6</line></team>
</game>
<game info="Alamo Bowl"> 
<team tnum="1"><name>Northwestern</name><score>23</score><line>14.0</line></team>
<team tnum="2"><name>Missouri</name><score>30</score><line>-14</line></team>
</game>
</date>
<date day="2008-12-30">
<game info="Humanitarian Bowl"> 
<team tnum="1"><name>Nevada-Reno</name><score>35</score><line>-3.0</line></team>
<team tnum="2"><name>Maryland</name><score>42</score><line>3</line></team>
</game>
<game info="Texas Bowl"> 
<team tnum="1"><name>Western Michigan</name><score>14</score><line>3.0</line></team>
<team tnum="2"><name>Rice</name><score>38</score><line>-3</line></team>
</game>
<game info="Holiday Bowl"> 
<team tnum="1"><name>Oregon</name><score>42</score><line>2.5</line></team>
<team tnum="2"><name>Oklahoma State</name><score>31</score><line>-2.5</line></team>
</game>
</date>
<date day="2008-12-31">
<game info="Armed Forces Bowl"> 
<team tnum="1"><name>Air Force</name><score>28</score><line>5.5</line></team>
<team tnum="2"><name>Houston</name><score>34</score><line>-5.5</line></team>
</game>
<game info="Sun Bowl"> 
<team tnum="1"><name>Pittsburgh</name><score>0</score><line>1.0</line></team>
<team tnum="2"><name>Oregon State</name><score>3</score><line>-1</line></team>
</game>
<game info="Music City Bowl"> 
<team tnum="1"><name>Boston College</name><score>14</score><line>-5.5</line></team>
<team tnum="2"><name>Vanderbilt</name><score>16</score><line>5.5</line></team>
</game>
<game info="Insight Bowl"> 
<team tnum="1"><name>Minnesota</name><score>21</score><line>7.5</line></team>
<team tnum="2"><name>Kansas</name><score>42</score><line>-7.5</line></team>
</game>
<game info="Chick-Fil-A Bowl"> 
<team tnum="1"><name>Louisiana State</name><score>38</score><line>4.0</line></team>
<team tnum="2"><name>Georgia Tech</name><score>3</score><line>-4</line></team>
</game>
</date>
<date day="2009-01-01">
<game info="Outback Bowl"> 
<team tnum="1"><name>Iowa</name><score>31</score><line>-3.5</line></team>
<team tnum="2"><name>South Carolina</name><score>10</score><line>3.5</line></team>
</game>
<game info="Gator Bowl"> 
<team tnum="1"><name>Clemson</name><score>21</score><line>-2.0</line></team>
<team tnum="2"><name>Nebraska</name><score>26</score><line>2</line></team>
</game>
<game info="Capital One Bowl"> 
<team tnum="1"><name>Michigan State</name><score>12</score><line>9.0</line></team>
<team tnum="2"><name>Georgia</name><score>24</score><line>-9</line></team>
</game>
<game info="Rose Bowl"> 
<team tnum="1"><name>Penn State</name><score>24</score><line>9.0</line></team>
<team tnum="2"><name>Southern Cal</name><score>38</score><line>-9</line></team>
</game>
<game info="Orange Bowl"> 
<team tnum="1"><name>Virginia Tech</name><score>20</score><line>2.0</line></team>
<team tnum="2"><name>Cincinnati</name><score>7</score><line>-2</line></team>
</game>
</date>
<date day="2009-01-02">
<game info="Cotton Bowl"> 
<team tnum="1"><name>Mississippi</name><score>47</score><line>4.5</line></team>
<team tnum="2"><name>Texas Tech</name><score>34</score><line>-4.5</line></team>
</game>
<game info="Liberty Bowl"> 
<team tnum="1"><name>East Carolina</name><score>19</score><line>-3.0</line></team>
<team tnum="2"><name>Kentucky</name><score>25</score><line>3</line></team>
</game>
<game info="Sugar Bowl"> 
<team tnum="1"><name>Utah</name><score>31</score><line>9.5</line></team>
<team tnum="2"><name>Alabama</name><score>17</score><line>-9.5</line></team>
</game>
</date>
<date day="2009-01-03">
<game info="International Bowl"> 
<team tnum="1"><name>Buffalo</name><score>20</score><line>7.0</line></team>
<team tnum="2"><name>Connecticut</name><score>38</score><line>-7</line></team>
</game>
</date>
<date day="2009-01-05">
<game info="Fiesta Bowl"> 
<team tnum="1"><name>Ohio State</name><score>21</score><line>9.5</line></team>
<team tnum="2"><name>Texas</name><score>24</score><line>-9.5</line></team>
</game>
</date>
<date day="2009-01-06">
<game info="GMAC Bowl"> 
<team tnum="1"><name>Ball State</name><score>13</score><line>2.5</line></team>
<team tnum="2"><name>Tulsa</name><score>45</score><line>-2.5</line></team>
</game>
</date>
<date day="2009-01-08">
<game info="BCS Championship Game"> 
<team tnum="1"><name>Florida</name><score>24</score><line>-4.5</line></team>
<team tnum="2"><name>Oklahoma</name><score>14</score><line>4.5</line></team>
</game>
</date>
</scores>
