<?xml version="1.0" encoding="UTF-8"?> 
<scores>
<league>College Football</league><year>1994</year><season>Bowls</season>
<date day="1994-12-15">
<game info="Las Vegas Bowl"> 
<team tnum="1"><name>Central Michigan</name><score>24</score><site>V</site></team>
<team tnum="2"><name>Nevada-Las Vegas</name><score>52</score><site>H</site></team>
</game>
</date>
<date day="1994-12-25">
<game info="Aloha Bowl"> 
<team tnum="1"><name>Boston College</name><score>12</score><line>0.0</line></team>
<team tnum="2"><name>Kansas State</name><score>7</score><line>0</line></team>
</game>
</date>
<date day="1994-12-27">
<game info="Freedom Bowl"> 
<team tnum="1"><name>Arizona</name><score>13</score><line>-5.0</line></team>
<team tnum="2"><name>Utah</name><score>16</score><line>5</line></team>
</game>
</date>
<date day="1994-12-28">
<game info="Independence Bowl"> 
<team tnum="1"><name>Virginia</name><score>20</score><line>-10.0</line></team>
<team tnum="2"><name>Texas Christian</name><score>10</score><line>10</line></team>
</game>
</date>
<date day="1994-12-29">
<game info="Copper Bowl"> 
<team tnum="1"><name>Oklahoma</name><score>6</score><line>-2.5</line></team>
<team tnum="2"><name>Brigham Young</name><score>31</score><line>2.5</line></team>
</game>
</date>
<date day="1994-12-30">
<game info="Holiday Bowl"> 
<team tnum="1"><name>Michigan</name><score>24</score><line>-8.0</line></team>
<team tnum="2"><name>Colorado State</name><score>14</score><line>8</line></team>
</game>
<game info="Sun Bowl"> 
<team tnum="1"><name>North Carolina</name><score>31</score><line>1.0</line></team>
<team tnum="2"><name>Texas</name><score>35</score><line>-1</line></team>
</game>
<game info="Gator Bowl"> 
<team tnum="1"><name>Virginia Tech</name><score>23</score><line>6.5</line></team>
<team tnum="2"><name>Tennessee</name><score>45</score><line>-6.5</line></team>
</game>
</date>
<date day="1994-12-31">
<game info="Liberty Bowl"> 
<team tnum="1"><name>Illinois</name><score>30</score><line>-7.0</line></team>
<team tnum="2"><name>East Carolina</name><score>0</score><line>7</line></team>
</game>
<game info="Alamo Bowl"> 
<team tnum="1"><name>Washington State</name><score>10</score><line>-4.0</line></team>
<team tnum="2"><name>Baylor</name><score>3</score><line>4</line></team>
</game>
</date>
<date day="1995-01-01">
<game info="Peach Bowl"> 
<team tnum="1"><name>Mississippi State</name><score>24</score><line>-5.5</line></team>
<team tnum="2"><name>No Carolina State</name><score>28</score><line>5.5</line></team>
</game>
<game info="Orange Bowl"> 
<team tnum="1"><name>Nebraska</name><score>24</score><site>V</site><line>2.0</line></team>
<team tnum="2"><name>Miami-Florida</name><score>17</score><site>H</site><line>-2</line></team>
</game>
</date>
<date day="1995-01-02">
<game info="Fiesta Bowl"> 
<team tnum="1"><name>Colorado</name><score>41</score><line>-7.0</line></team>
<team tnum="2"><name>Notre Dame</name><score>24</score><line>7</line></team>
</game>
<game info="Sugar Bowl"> 
<team tnum="1"><name>Florida State</name><score>23</score><line>3.0</line></team>
<team tnum="2"><name>Florida</name><score>17</score><line>-3</line></team>
</game>
<game info="Citrus Bowl"> 
<team tnum="1"><name>Ohio State</name><score>17</score><line>5.5</line></team>
<team tnum="2"><name>Alabama</name><score>24</score><line>-5.5</line></team>
</game>
<game info="Rose Bowl"> 
<team tnum="1"><name>Penn State</name><score>38</score><line>-17.0</line></team>
<team tnum="2"><name>Oregon</name><score>20</score><line>17</line></team>
</game>
<game info="Cotton Bowl"> 
<team tnum="1"><name>Southern Cal</name><score>55</score><line>-5.5</line></team>
<team tnum="2"><name>Texas Tech</name><score>14</score><line>5.5</line></team>
</game>
<game info="Carquest Bowl"> 
<team tnum="1"><name>South Carolina</name><score>24</score><line>1.5</line></team>
<team tnum="2"><name>West Virginia</name><score>21</score><line>-1.5</line></team>
</game>
<game info="Hall of Fame Bowl"> 
<team tnum="1"><name>Wisconsin</name><score>34</score><line>-6.0</line></team>
<team tnum="2"><name>Duke</name><score>20</score><line>6</line></team>
</game>
</date>
</scores>
