<?xml version="1.0" encoding="UTF-8"?> 
<scores>
<league>College Football</league><year>1995</year><season>Bowls</season>
<date day="1995-12-14">
<game info="Las Vegas Bowl"> 
<team tnum="1"><name>Toledo</name><score>40</score><line>-2.5</line></team>
<team tnum="2"><name>Nevada-Reno</name><score>37</score><line>2.5</line></team>
</game>
</date>
<date day="1995-12-25">
<game info="Aloha Bowl"> 
<team tnum="1"><name>Kansas</name><score>51</score><line>5.0</line></team>
<team tnum="2"><name>U.C.L.A.</name><score>30</score><line>-5</line></team>
</game>
</date>
<date day="1995-12-27">
<game info="Copper Bowl"> 
<team tnum="1"><name>Air Force</name><score>41</score><line>4.5</line></team>
<team tnum="2"><name>Texas Tech</name><score>55</score><line>-4.5</line></team>
</game>
</date>
<date day="1995-12-28">
<game info="Alamo Bowl"> 
<team tnum="1"><name>Michigan</name><score>20</score><line>-3.0</line></team>
<team tnum="2"><name>Texas A+M</name><score>22</score><line>3</line></team>
</game>
</date>
<date day="1995-12-29">
<game info="Holiday Bowl"> 
<team tnum="1"><name>Kansas State</name><score>54</score><line>-9.0</line></team>
<team tnum="2"><name>Colorado State</name><score>21</score><line>9</line></team>
</game>
<game info="Independence Bowl"> 
<team tnum="1"><name>Michigan State</name><score>26</score><line>6.5</line></team>
<team tnum="2"><name>Louisiana State</name><score>45</score><line>-6.5</line></team>
</game>
<game info="Sun Bowl"> 
<team tnum="1"><name>Washington</name><score>18</score><line>-5.5</line></team>
<team tnum="2"><name>Iowa</name><score>38</score><line>5.5</line></team>
</game>
</date>
<date day="1995-12-30">
<game info="Peach Bowl"> 
<team tnum="1"><name>Georgia</name><score>27</score><line>6.5</line></team>
<team tnum="2"><name>Virginia</name><score>34</score><line>-6.5</line></team>
</game>
<game info="Carquest Bowl"> 
<team tnum="1"><name>North Carolina</name><score>20</score><line>-2.0</line></team>
<team tnum="2"><name>Arkansas</name><score>10</score><line>2</line></team>
</game>
<game info="Liberty Bowl"> 
<team tnum="1"><name>Stanford</name><score>13</score><line>-4.0</line></team>
<team tnum="2"><name>East Carolina</name><score>19</score><line>4</line></team>
</game>
</date>
<date day="1995-12-31">
<game info="Sugar Bowl"> 
<team tnum="1"><name>Virginia Tech</name><score>28</score><line>0.0</line></team>
<team tnum="2"><name>Texas</name><score>10</score><line>0</line></team>
</game>
</date>
<date day="1996-01-01">
<game info="Hall of Fame Bowl"> 
<team tnum="1"><name>Auburn</name><score>14</score><line>2.0</line></team>
<team tnum="2"><name>Penn State</name><score>43</score><line>-2</line></team>
</game>
<game info="Orange Bowl"> 
<team tnum="1"><name>Florida State</name><score>31</score><line>-11.0</line></team>
<team tnum="2"><name>Notre Dame</name><score>26</score><line>11</line></team>
</game>
<game info="Rose Bowl"> 
<team tnum="1"><name>Northwestern</name><score>32</score><line>4.5</line></team>
<team tnum="2"><name>Southern Cal</name><score>41</score><line>-4.5</line></team>
</game>
<game info="Citrus Bowl"> 
<team tnum="1"><name>Ohio State</name><score>14</score><line>-5.5</line></team>
<team tnum="2"><name>Tennessee</name><score>20</score><line>5.5</line></team>
</game>
<game info="Cotton Bowl"> 
<team tnum="1"><name>Oregon</name><score>6</score><line>6.5</line></team>
<team tnum="2"><name>Colorado</name><score>38</score><line>-6.5</line></team>
</game>
<game info="Gator Bowl"> 
<team tnum="1"><name>Syracuse</name><score>41</score><line>2.0</line></team>
<team tnum="2"><name>Clemson</name><score>0</score><line>-2</line></team>
</game>
</date>
<date day="1996-01-02">
<game info="Fiesta Bowl"> 
<team tnum="1"><name>Florida</name><score>24</score><line>3.0</line></team>
<team tnum="2"><name>Nebraska</name><score>62</score><line>-3</line></team>
</game>
</date>
</scores>
