<?xml version="1.0" encoding="UTF-8"?> 
<scores>
<league>College Football</league><year>1986</year><season>Bowls</season>
<date day="1986-12-13">
<game info="California Bowl"> 
<team tnum="1"><name>Miami-Ohio</name><score>7</score><line>8.0</line></team>
<team tnum="2"><name>San Jose State</name><score>37</score><line>-8</line></team>
</game>
</date>
<date day="1986-12-20">
<game info="Independence Bowl"> 
<team tnum="1"><name>Mississippi</name><score>20</score><line>-4.0</line></team>
<team tnum="2"><name>Texas Tech</name><score>17</score><line>4</line></team>
</game>
</date>
<date day="1986-12-23">
<game info="Hall of Fame Bowl"> 
<team tnum="1"><name>Boston College</name><score>27</score><line>2.5</line></team>
<team tnum="2"><name>Georgia</name><score>24</score><line>-2.5</line></team>
</game>
</date>
<date day="1986-12-25">
<game info="Sun Bowl"> 
<team tnum="1"><name>Alabama</name><score>28</score><line>-2.0</line></team>
<team tnum="2"><name>Washington</name><score>6</score><line>2</line></team>
</game>
</date>
<date day="1986-12-27">
<game info="Aloha Bowl"> 
<team tnum="1"><name>Arizona</name><score>30</score><line>-9.0</line></team>
<team tnum="2"><name>North Carolina</name><score>21</score><line>9</line></team>
</game>
<game info="Gator Bowl"> 
<team tnum="1"><name>Clemson</name><score>27</score><line>-3.5</line></team>
<team tnum="2"><name>Stanford</name><score>21</score><line>3.5</line></team>
</game>
</date>
<date day="1986-12-29">
<game info="Liberty Bowl"> 
<team tnum="1"><name>Minnesota</name><score>14</score><line>5.5</line></team>
<team tnum="2"><name>Tennessee</name><score>21</score><line>-5.5</line></team>
</game>
</date>
<date day="1986-12-30">
<game info="Freedom Bowl"> 
<team tnum="1"><name>Brigham Young</name><score>10</score><line>14.5</line></team>
<team tnum="2"><name>U.C.L.A.</name><score>31</score><line>-14.5</line></team>
</game>
<game info="Holiday Bowl"> 
<team tnum="1"><name>Iowa</name><score>39</score><line>-7.5</line></team>
<team tnum="2"><name>San Diego State</name><score>38</score><line>7.5</line></team>
</game>
</date>
<date day="1986-12-31">
<game info="Bluebonnet Bowl"> 
<team tnum="1"><name>Baylor</name><score>21</score><line>-5.5</line></team>
<team tnum="2"><name>Colorado</name><score>9</score><line>5.5</line></team>
</game>
<game info="All-American Bowl"> 
<team tnum="1"><name>Florida State</name><score>27</score><line>-14.0</line></team>
<team tnum="2"><name>Indiana</name><score>13</score><line>14</line></team>
</game>
<game info="Peach Bowl"> 
<team tnum="1"><name>No Carolina State</name><score>24</score><line>-2.0</line></team>
<team tnum="2"><name>Virginia Tech</name><score>25</score><line>2</line></team>
</game>
</date>
<date day="1987-01-01">
<game info="Orange Bowl"> 
<team tnum="1"><name>Arkansas</name><score>8</score><line>17.0</line></team>
<team tnum="2"><name>Oklahoma</name><score>42</score><line>-17</line></team>
</game>
<game info="Citrus Bowl"> 
<team tnum="1"><name>Auburn</name><score>16</score><line>-8.0</line></team>
<team tnum="2"><name>Southern Cal</name><score>7</score><line>8</line></team>
</game>
<game info="Rose Bowl"> 
<team tnum="1"><name>Arizona State</name><score>22</score><line>2.5</line></team>
<team tnum="2"><name>Michigan</name><score>15</score><line>-2.5</line></team>
</game>
<game info="Sugar Bowl"> 
<team tnum="1"><name>Louisiana State</name><score>15</score><line>4.5</line></team>
<team tnum="2"><name>Nebraska</name><score>30</score><line>-4.5</line></team>
</game>
<game info="Cotton Bowl"> 
<team tnum="1"><name>Ohio State</name><score>28</score><line>2.5</line></team>
<team tnum="2"><name>Texas A+M</name><score>12</score><line>-2.5</line></team>
</game>
</date>
<date day="1987-01-02">
<game info="Fiesta Bowl"> 
<team tnum="1"><name>Miami-Florida</name><score>10</score><line>-6.5</line></team>
<team tnum="2"><name>Penn State</name><score>14</score><line>6.5</line></team>
</game>
</date>
</scores>
