<?xml version="1.0" encoding="UTF-8"?> 
<scores>
<year>2012</year><league>College Football</league><season>Bowls</season>
<date day="2012-12-15">
<game info="New Mexico Bowl"><team tnum="1"><name>Nevada-Reno</name><score>48</score><line>8.0</line></team>
<team tnum="2"><name>Arizona</name><score>49</score><line>-8</line></team></game>
<game info="Famous Idaho Potato Bowl"><team tnum="1"><name>Toledo</name><score>15</score><line>10.5</line></team>
<team tnum="2"><name>Utah State</name><score>41</score><line>-10.5</line></team></game>
</date>
<date day="2012-12-20">
<game info="Poinsettia Bowl"><team tnum="1"><name>Brigham Young</name><score>23</score><line>-3.0</line></team>
<team tnum="2"><name>San Diego State</name><score>6</score><line>3</line></team></game>
</date>
<date day="2012-12-21">
<game info="Beef O'Brady's Bowl"><team tnum="1"><name>Ball State</name><score>17</score><line>7.0</line></team>
<team tnum="2"><name>U-C-F</name><score>38</score><line>-7</line></team></game>
</date>
<date day="2012-12-22">
<game info="New Orleans Bowl"><team tnum="1"><name>East Carolina</name><score>34</score><line>6.5</line></team>
<team tnum="2"><name>UL-Lafayette</name><score>43</score><line>-6.5</line></team></game>
<game info="Maaco Bowl"><team tnum="1"><name>Washington</name><score>26</score><line>4.0</line></team>
<team tnum="2"><name>Boise State</name><score>28</score><line>-4</line></team></game>
</date>
<date day="2012-12-24">
<game info="Hawaii Bowl"><team tnum="1"><name>S-M-U</name><score>43</score><line>13.5</line></team>
<team tnum="2"><name>Fresno State</name><score>10</score><line>-13.5</line></team></game>
</date>
<date day="2012-12-26">
<game info="Little Caesars Bowl"><team tnum="1"><name>Central Michigan</name><score>24</score><line>6.5</line></team>
<team tnum="2"><name>Western Kentucky</name><score>21</score><line>-6.5</line></team></game>
</date>
<date day="2012-12-27">
<game info="Military Bowl"><team tnum="1"><name>Bowling Green</name><score>20</score><line>7.0</line></team>
<team tnum="2"><name>San Jose State</name><score>29</score><line>-7</line></team></game>
<game info="Belk Bowl"><team tnum="1"><name>Cincinnati</name><score>48</score><line>-9.0</line></team>
<team tnum="2"><name>Duke</name><score>34</score><line>9</line></team></game>
<game info="Holiday Bowl"><team tnum="1"><name>Baylor</name><score>49</score><line>3.0</line></team>
<team tnum="2"><name>U.C.L.A.</name><score>26</score><line>-3</line></team></game>
</date>
<date day="2012-12-28">
<game info="Independence Bowl"><team tnum="1"><name>Ohio</name><score>45</score><line>7.0</line></team>
<team tnum="2"><name>UL-Monroe</name><score>14</score><line>-7</line></team></game>
<game info="Russell Athletic Bowl"><team tnum="1"><name>Rutgers</name><score>10</score><line>0.0</line></team>
<team tnum="2"><name>Virginia Tech</name><score>13</score><line>0</line></team></game>
<game info="Meineke Car Care of Texas Bowl"><team tnum="1"><name>Minnesota</name><score>31</score><line>13.0</line></team>
<team tnum="2"><name>Texas Tech</name><score>34</score><line>-13</line></team></game>
</date>
<date day="2012-12-29">
<game info="Armed Forces Bowl"><team tnum="1"><name>Air Force</name><score>14</score><line>1.0</line></team>
<team tnum="2"><name>Rice</name><score>33</score><line>-1</line></team></game>
<game info="Fight Hunger Bowl"><team tnum="1"><name>Navy</name><score>28</score><line>12.5</line></team>
<team tnum="2"><name>Arizona State</name><score>62</score><line>-12.5</line></team></game>
<game info="Pinstripe Bowl"><team tnum="1"><name>West Virginia</name><score>14</score><line>-4.5</line></team>
<team tnum="2"><name>Syracuse</name><score>38</score><line>4.5</line></team></game>
<game info="Alamo Bowl"><team tnum="1"><name>Oregon State</name><score>27</score><line>-3.0</line></team>
<team tnum="2"><name>Texas</name><score>31</score><line>3</line></team></game>
<game info="Buffalo Wild Wings Bowl"><team tnum="1"><name>Texas Christian</name><score>16</score><line>-2.0</line></team>
<team tnum="2"><name>Michigan State</name><score>17</score><line>2</line></team></game>
</date>
<date day="2012-12-31">
<game info="Music City Bowl"><team tnum="1"><name>No Carolina State</name><score>24</score><line>7.5</line></team>
<team tnum="2"><name>Vanderbilt</name><score>38</score><line>-7.5</line></team></game>
<game info="Sun Bowl"><team tnum="1"><name>Georgia Tech</name><score>21</score><line>7.5</line></team>
<team tnum="2"><name>Southern Cal</name><score>7</score><line>-7.5</line></team></game>
<game info="Liberty Bowl"><team tnum="1"><name>Iowa State</name><score>17</score><line>-1.0</line></team>
<team tnum="2"><name>Tulsa</name><score>31</score><line>1</line></team></game>
<game info="Chick-fil-A Bowl"><team tnum="1"><name>Clemson</name><score>25</score><line>6.0</line></team>
<team tnum="2"><name>Louisiana State</name><score>24</score><line>-6</line></team></game>
</date>
<date day="2013-01-01">
<game info="Heart of Dallas Bowl"><team tnum="1"><name>Purdue</name><score>14</score><line>17.5</line></team>
<team tnum="2"><name>Oklahoma State</name><score>58</score><line>-17.5</line></team></game>
<game info="Gator Bowl"><team tnum="1"><name>Northwestern</name><score>34</score><line>-1.5</line></team>
<team tnum="2"><name>Mississippi State</name><score>20</score><line>1.5</line></team></game>
<game info="Outback Bowl"><team tnum="1"><name>Michigan</name><score>28</score><line>5.5</line></team>
<team tnum="2"><name>South Carolina</name><score>33</score><line>-5.5</line></team></game>
<game info="Capital One Bowl"><team tnum="1"><name>Nebraska</name><score>31</score><line>9.5</line></team>
<team tnum="2"><name>Georgia</name><score>45</score><line>-9.5</line></team></game>
<game info="Rose Bowl"><team tnum="1"><name>Wisconsin</name><score>14</score><line>4.0</line></team>
<team tnum="2"><name>Stanford</name><score>20</score><line>-4</line></team></game>
<game info="Orange Bowl"><team tnum="1"><name>Northern Illinois</name><score>10</score><line>14.0</line></team>
<team tnum="2"><name>Florida State</name><score>31</score><line>-14</line></team></game>
</date>
<date day="2013-01-02">
<game info="Sugar Bowl"><team tnum="1"><name>Louisville</name><score>33</score><line>14.5</line></team>
<team tnum="2"><name>Florida</name><score>23</score><line>-14.5</line></team></game>
</date>
<date day="2013-01-03">
<game info="Fiesta Bowl"><team tnum="1"><name>Kansas State</name><score>17</score><line>8.0</line></team>
<team tnum="2"><name>Oregon</name><score>35</score><line>-8</line></team></game>
</date>
<date day="2013-01-04">
<game info="Cotton Bowl"><team tnum="1"><name>Texas A+M</name><score>41</score><line>-3.0</line></team>
<team tnum="2"><name>Oklahoma</name><score>13</score><line>3</line></team></game>
</date>
<date day="2013-01-05">
<game info="BBVA Compass Bowl"><team tnum="1"><name>Pittsburgh</name><score>17</score><line>4.5</line></team>
<team tnum="2"><name>Mississippi</name><score>38</score><line>-4.5</line></team></game>
</date>
<date day="2013-01-06">
<game info="GoDaddy.com Bowl"><team tnum="1"><name>Arkansas State</name><score>17</score><line>-2.5</line></team>
<team tnum="2"><name>Kent State</name><score>13</score><line>2.5</line></team></game>
</date>
<date day="2013-01-07">
<game info="BCS Championship Game"><team tnum="1"><name>Alabama</name><score>42</score><line>-9.5</line></team>
<team tnum="2"><name>Notre Dame</name><score>14</score><line>9.5</line></team></game>
</date>
</scores>
