<?xml version="1.0" encoding="UTF-8"?> 
<scores>
<year>2013</year><league>College Football</league><season>Bowls</season>
<date day="2013-12-21">
<game info="New Mexico Bowl"><team tnum="1"><name>Colorado State</name><score>48</score><line>4.0</line></team>
<team tnum="2"><name>Washington State</name><score>45</score><line>-4</line></team></game>
<game info="Las Vegas Bowl"><team tnum="1"><name>Southern Cal</name><score>45</score><line>-4.5</line></team>
<team tnum="2"><name>Fresno State</name><score>20</score><line>4.5</line></team></game>
<game info="Famous Idaho Potato Bowl"><team tnum="1"><name>Buffalo</name><score>24</score><line>0.0</line></team>
<team tnum="2"><name>San Diego State</name><score>49</score><line>0</line></team></game>
<game info="New Orleans Bowl"><team tnum="1"><name>UL-Lafayette</name><score>24</score><line>2.5</line></team>
<team tnum="2"><name>Tulane</name><score>21</score><line>-2.5</line></team></game>
</date>
<date day="2013-12-23">
<game info="Beef O'Brady's Bowl"><team tnum="1"><name>Ohio</name><score>20</score><line>14.0</line></team>
<team tnum="2"><name>East Carolina</name><score>37</score><line>-14</line></team></game>
</date>
<date day="2013-12-24">
<game info="Hawaii Bowl"><team tnum="1"><name>Oregon State</name><score>38</score><line>-3.0</line></team>
<team tnum="2"><name>Boise State</name><score>23</score><line>3</line></team></game>
</date>
<date day="2013-12-26">
<game info="Little Caesars Pizza Bowl"><team tnum="1"><name>Pittsburgh</name><score>30</score><line>6.5</line></team>
<team tnum="2"><name>Bowling Green</name><score>27</score><line>-6.5</line></team></game>
<game info="Poinsettia Bowl"><team tnum="1"><name>Utah State</name><score>21</score><line>-2.5</line></team>
<team tnum="2"><name>Northern Illinois</name><score>14</score><line>2.5</line></team></game>
</date>
<date day="2013-12-27">
<game info="Military Bowl"><team tnum="1"><name>Marshall</name><score>31</score><line>-2.5</line></team>
<team tnum="2"><name>Maryland</name><score>20</score><line>2.5</line></team></game>
<game info="Texas Bowl"><team tnum="1"><name>Syracuse</name><score>21</score><line>3.5</line></team>
<team tnum="2"><name>Minnesota</name><score>17</score><line>-3.5</line></team></game>
<game info="Fight Hunger Bowl"><team tnum="1"><name>Washington</name><score>31</score><line>-6.0</line></team>
<team tnum="2"><name>Brigham Young</name><score>16</score><line>6</line></team></game>
</date>
<date day="2013-12-28">
<game info="Pinstripe Bowl"><team tnum="1"><name>Rutgers</name><score>16</score><line>14.5</line></team>
<team tnum="2"><name>Notre Dame</name><score>29</score><line>-14.5</line></team></game>
<game info="Belk Bowl"><team tnum="1"><name>Cincinnati</name><score>17</score><line>3.0</line></team>
<team tnum="2"><name>North Carolina</name><score>39</score><line>-3</line></team></game>
<game info="Russell Athletic Bowl"><team tnum="1"><name>Miami-Florida</name><score>9</score><line>5.5</line></team>
<team tnum="2"><name>Louisville</name><score>36</score><line>-5.5</line></team></game>
<game info="Buffalo Wild Wings Bowl"><team tnum="1"><name>Michigan</name><score>14</score><line>7.0</line></team>
<team tnum="2"><name>Kansas State</name><score>31</score><line>-7</line></team></game>
</date>
<date day="2013-12-30">
<game info="Armed Forces Bowl"><team tnum="1"><name>Middle Tennessee</name><score>6</score><line>7.0</line></team>
<team tnum="2"><name>Navy</name><score>24</score><line>-7</line></team></game>
<game info="Music City Bowl"><team tnum="1"><name>Mississippi</name><score>25</score><line>-2.5</line></team>
<team tnum="2"><name>Georgia Tech</name><score>17</score><line>2.5</line></team></game>
<game info="Alamo Bowl"><team tnum="1"><name>Texas</name><score>7</score><line>14.0</line></team>
<team tnum="2"><name>Oregon</name><score>30</score><line>-14</line></team></game>
<game info="Holiday Bowl"><team tnum="1"><name>Texas Tech</name><score>37</score><line>15.0</line></team>
<team tnum="2"><name>Arizona State</name><score>23</score><line>-15</line></team></game>
</date>
<date day="2013-12-31">
<game info="AdvoCare V100 Bowl"><team tnum="1"><name>Boston College</name><score>19</score><line>7.0</line></team>
<team tnum="2"><name>Arizona</name><score>42</score><line>-7</line></team></game>
<game info="Sun Bowl"><team tnum="1"><name>Virginia Tech</name><score>12</score><line>7.5</line></team>
<team tnum="2"><name>U.C.L.A.</name><score>42</score><line>-7.5</line></team></game>
<game info="Liberty Bowl"><team tnum="1"><name>Mississippi State</name><score>44</score><line>-7.5</line></team>
<team tnum="2"><name>Rice</name><score>7</score><line>7.5</line></team></game>
<game info="Chick-fil-A Bowl"><team tnum="1"><name>Duke</name><score>48</score><line>13.0</line></team>
<team tnum="2"><name>Texas A+M</name><score>52</score><line>-13</line></team></game>
</date>
<date day="2014-01-01">
<game info="Gator Bowl"><team tnum="1"><name>Nebraska</name><score>24</score><line>9.5</line></team>
<team tnum="2"><name>Georgia</name><score>19</score><line>-9.5</line></team></game>
<game info="Heart of Dallas Bowl"><team tnum="1"><name>Nevada-Las Vegas</name><score>14</score><line>5.5</line></team>
<team tnum="2"><name>North Texas</name><score>36</score><line>-5.5</line></team></game>
<game info="Capital One Bowl"><team tnum="1"><name>Wisconsin</name><score>24</score><line>0.0</line></team>
<team tnum="2"><name>South Carolina</name><score>34</score><line>0</line></team></game>
<game info="Outback Bowl"><team tnum="1"><name>Iowa</name><score>14</score><line>7.5</line></team>
<team tnum="2"><name>Louisiana State</name><score>21</score><line>-7.5</line></team></game>
<game info="Rose Bowl"><team tnum="1"><name>Michigan State</name><score>24</score><line>7.5</line></team>
<team tnum="2"><name>Stanford</name><score>20</score><line>-7.5</line></team></game>
<game info="Fiesta Bowl"><team tnum="1"><name>U-C-F</name><score>52</score><line>17.0</line></team>
<team tnum="2"><name>Baylor</name><score>42</score><line>-17</line></team></game>
</date>
<date day="2014-01-02">
<game info="Sugar Bowl"><team tnum="1"><name>Oklahoma</name><score>45</score><line>16.5</line></team>
<team tnum="2"><name>Alabama</name><score>31</score><line>-16.5</line></team></game>
</date>
<date day="2014-01-03">
<game info="Cotton Bowl"><team tnum="1"><name>Oklahoma State</name><score>31</score><line>-2.5</line></team>
<team tnum="2"><name>Missouri</name><score>41</score><line>2.5</line></team></game>
<game info="Orange Bowl"><team tnum="1"><name>Clemson</name><score>40</score><line>3.0</line></team>
<team tnum="2"><name>Ohio State</name><score>35</score><line>-3</line></team></game>
</date>
<date day="2014-01-04">
<game info="BBVA Compass Bowl"><team tnum="1"><name>Houston</name><score>24</score><line>2.0</line></team>
<team tnum="2"><name>Vanderbilt</name><score>41</score><line>-2</line></team></game>
</date>
<date day="2014-01-05">
<game info="GoDaddy Bowl"><team tnum="1"><name>Arkansas State</name><score>23</score><line>6.5</line></team>
<team tnum="2"><name>Ball State</name><score>20</score><line>-6.5</line></team></game>
</date>
<date day="2014-01-06">
<game info="BCS National Championship"><team tnum="1"><name>Auburn</name><score>31</score><line>10.5</line></team>
<team tnum="2"><name>Florida State</name><score>34</score><line>-10.5</line></team></game>
</date>
</scores>
