<?xml version="1.0" encoding="UTF-8"?> 
<scores>
<league>College Football</league><year>2005</year><season>Bowls</season>
<date day="2005-12-20">
<game info="New Orleans Bowl"> 
<team tnum="1"><name>Southern Miss</name><score>31</score><line>-16.5</line></team>
<team tnum="2"><name>Arkansas State</name><score>19</score><line>16.5</line></team>
</game>
</date>
<date day="2005-12-21">
<game info="GMAC Bowl"> 
<team tnum="1"><name>Toledo</name><score>45</score><line>-3.0</line></team>
<team tnum="2"><name>UTEP</name><score>13</score><line>3</line></team>
</game>
</date>
<date day="2005-12-22">
<game info="Las Vegas Bowl"> 
<team tnum="1"><name>California</name><score>35</score><line>-7.5</line></team>
<team tnum="2"><name>Brigham Young</name><score>28</score><line>7.5</line></team>
</game>
<game info="Poinsettia Bowl"> 
<team tnum="1"><name>Navy</name><score>51</score><line>-2.5</line></team>
<team tnum="2"><name>Colorado State</name><score>30</score><line>2.5</line></team>
</game>
</date>
<date day="2005-12-23">
<game info="Fort Worth Bowl"> 
<team tnum="1"><name>Houston</name><score>13</score><line>3.0</line></team>
<team tnum="2"><name>Kansas</name><score>42</score><line>-3</line></team>
</game>
</date>
<date day="2005-12-24">
<game info="Hawaii Bowl"> 
<team tnum="1"><name>U-C-F</name><score>48</score><line>2.0</line></team>
<team tnum="2"><name>Nevada-Reno</name><score>49</score><line>-2</line></team>
</game>
</date>
<date day="2005-12-26">
<game info="Motor City Bowl"> 
<team tnum="1"><name>Memphis</name><score>38</score><line>-5.0</line></team>
<team tnum="2"><name>Akron</name><score>31</score><line>5</line></team>
</game>
</date>
<date day="2005-12-27">
<game info="Champs Sports Bowl"> 
<team tnum="1"><name>Colorado</name><score>10</score><line>10.0</line></team>
<team tnum="2"><name>Clemson</name><score>19</score><line>-10</line></team>
</game>
<game info="Insight Bowl"> 
<team tnum="1"><name>Rutgers</name><score>40</score><line>10.0</line></team>
<team tnum="2"><name>Arizona State</name><score>45</score><line>-10</line></team>
</game>
</date>
<date day="2005-12-28">
<game info="MPC Computers Bowl"> 
<team tnum="1"><name>Boston College</name><score>27</score><line>-1.5</line></team>
<team tnum="2"><name>Boise State</name><score>21</score><line>1.5</line></team>
</game>
<game info="Alamo Bowl"> 
<team tnum="1"><name>Nebraska</name><score>32</score><line>11.0</line></team>
<team tnum="2"><name>Michigan</name><score>28</score><line>-11</line></team>
</game>
</date>
<date day="2005-12-29">
<game info="Emerald Bowl"> 
<team tnum="1"><name>Georgia Tech</name><score>10</score><line>-8.5</line></team>
<team tnum="2"><name>Utah</name><score>38</score><line>8.5</line></team>
</game>
<game info="Holiday Bowl"> 
<team tnum="1"><name>Oklahoma</name><score>17</score><line>3.0</line></team>
<team tnum="2"><name>Oregon</name><score>14</score><line>-3</line></team>
</game>
</date>
<date day="2005-12-30">
<game info="Music City Bowl"> 
<team tnum="1"><name>Virginia</name><score>34</score><line>4.0</line></team>
<team tnum="2"><name>Minnesota</name><score>31</score><line>-4</line></team>
</game>
<game info="Sun Bowl"> 
<team tnum="1"><name>Northwestern</name><score>38</score><line>3.0</line></team>
<team tnum="2"><name>U.C.L.A.</name><score>50</score><line>-3</line></team>
</game>
<game info="Independence Bowl"> 
<team tnum="1"><name>Missouri</name><score>38</score><line>4.0</line></team>
<team tnum="2"><name>South Carolina</name><score>31</score><line>-4</line></team>
</game>
<game info="Peach Bowl"> 
<team tnum="1"><name>Louisiana State</name><score>40</score><line>7.0</line></team>
<team tnum="2"><name>Miami-Florida</name><score>3</score><line>-7</line></team>
</game>
</date>
<date day="2005-12-31">
<game info="Meineke Car Care Bowl"> 
<team tnum="1"><name>South Florida</name><score>0</score><line>4.0</line></team>
<team tnum="2"><name>No Carolina State</name><score>14</score><line>-4</line></team>
</game>
<game info="Liberty Bowl"> 
<team tnum="1"><name>Fresno State</name><score>24</score><line>-7.0</line></team>
<team tnum="2"><name>Tulsa</name><score>31</score><line>7</line></team>
</game>
<game info="Houston Bowl"> 
<team tnum="1"><name>Texas Christian</name><score>27</score><line>-3.5</line></team>
<team tnum="2"><name>Iowa State</name><score>24</score><line>3.5</line></team>
</game>
</date>
<date day="2006-01-02">
<game info="Cotton Bowl"> 
<team tnum="1"><name>Alabama</name><score>13</score><line>3.5</line></team>
<team tnum="2"><name>Texas Tech</name><score>10</score><line>-3.5</line></team>
</game>
<game info="Outback Bowl"> 
<team tnum="1"><name>Iowa</name><score>24</score><line>1.5</line></team>
<team tnum="2"><name>Florida</name><score>31</score><line>-1.5</line></team>
</game>
<game info="Gator Bowl"> 
<team tnum="1"><name>Louisville</name><score>24</score><line>7.5</line></team>
<team tnum="2"><name>Virginia Tech</name><score>35</score><line>-7.5</line></team>
</game>
<game info="Capital One Bowl"> 
<team tnum="1"><name>Wisconsin</name><score>24</score><line>11.0</line></team>
<team tnum="2"><name>Auburn</name><score>10</score><line>-11</line></team>
</game>
<game info="Fiesta Bowl"> 
<team tnum="1"><name>Notre Dame</name><score>20</score><line>4.5</line></team>
<team tnum="2"><name>Ohio State</name><score>34</score><line>-4.5</line></team>
</game>
<game info="Sugar Bowl"> 
<team tnum="1"><name>West Virginia</name><score>38</score><line>7.0</line></team>
<team tnum="2"><name>Georgia</name><score>35</score><line>-7</line></team>
</game>
</date>
<date day="2006-01-03">
<game info="Orange Bowl"> 
<team tnum="1"><name>Penn State</name><score>26</score><line>-10.0</line></team>
<team tnum="2"><name>Florida State</name><score>23</score><line>10</line></team>
</game>
</date>
<date day="2006-01-04">
<game info="Rose Bowl"> 
<team tnum="1"><name>Texas</name><score>41</score><line>7.5</line></team>
<team tnum="2"><name>Southern Cal</name><score>38</score><line>-7.5</line></team>
</game>
</date>
</scores>
