<?xml version="1.0" encoding="UTF-8"?> 
<scores>
<league>College Football</league><year>1996</year><season>Bowls</season>
<date day="1996-12-19">
<game info="Las Vegas Bowl"> 
<team tnum="1"><name>Ball State</name><score>15</score><line>6.0</line></team>
<team tnum="2"><name>Nevada-Reno</name><score>18</score><line>-6</line></team>
</game>
</date>
<date day="1996-12-25">
<game info="Aloha Bowl"> 
<team tnum="1"><name>Navy</name><score>42</score><line>1.0</line></team>
<team tnum="2"><name>California</name><score>38</score><line>-1</line></team>
</game>
</date>
<date day="1996-12-27">
<game info="Liberty Bowl"> 
<team tnum="1"><name>Houston</name><score>17</score><line>15.5</line></team>
<team tnum="2"><name>Syracuse</name><score>30</score><line>-15.5</line></team>
</game>
<game info="Carquest Bowl"> 
<team tnum="1"><name>Virginia</name><score>21</score><line>3.5</line></team>
<team tnum="2"><name>Miami-Florida</name><score>31</score><line>-3.5</line></team>
</game>
<game info="Copper Bowl"> 
<team tnum="1"><name>Wisconsin</name><score>38</score><line>-7.0</line></team>
<team tnum="2"><name>Utah</name><score>10</score><line>7</line></team>
</game>
</date>
<date day="1996-12-28">
<game info="Peach Bowl"> 
<team tnum="1"><name>Clemson</name><score>7</score><line>6.5</line></team>
<team tnum="2"><name>Louisiana State</name><score>10</score><line>-6.5</line></team>
</game>
</date>
<date day="1996-12-29">
<game info="Alamo Bowl"> 
<team tnum="1"><name>Iowa</name><score>27</score><line>4.0</line></team>
<team tnum="2"><name>Texas Tech</name><score>0</score><line>-4</line></team>
</game>
</date>
<date day="1996-12-30">
<game info="Holiday Bowl"> 
<team tnum="1"><name>Colorado</name><score>33</score><line>-5.0</line></team>
<team tnum="2"><name>Washington</name><score>21</score><line>5</line></team>
</game>
</date>
<date day="1996-12-31">
<game info="Sun Bowl"> 
<team tnum="1"><name>Michigan State</name><score>0</score><line>-7.0</line></team>
<team tnum="2"><name>Stanford</name><score>38</score><line>7</line></team>
</game>
<game info="Independence Bowl"> 
<team tnum="1"><name>Army</name><score>29</score><line>9.0</line></team>
<team tnum="2"><name>Auburn</name><score>32</score><line>-9</line></team>
</game>
<game info="Orange Bowl"> 
<team tnum="1"><name>Virginia Tech</name><score>21</score><line>15.5</line></team>
<team tnum="2"><name>Nebraska</name><score>41</score><line>-15.5</line></team>
</game>
</date>
<date day="1997-01-01">
<game info="Outback Bowl"> 
<team tnum="1"><name>Michigan</name><score>14</score><line>-1.0</line></team>
<team tnum="2"><name>Alabama</name><score>17</score><line>1</line></team>
</game>
<game info="Gator Bowl"> 
<team tnum="1"><name>West Virginia</name><score>13</score><line>5.5</line></team>
<team tnum="2"><name>North Carolina</name><score>20</score><line>-5.5</line></team>
</game>
<game info="Citrus Bowl"> 
<team tnum="1"><name>Northwestern</name><score>28</score><line>8.0</line></team>
<team tnum="2"><name>Tennessee</name><score>48</score><line>-8</line></team>
</game>
<game info="Cotton Bowl"> 
<team tnum="1"><name>Brigham Young</name><score>19</score><line>3.0</line></team>
<team tnum="2"><name>Kansas State</name><score>15</score><line>-3</line></team>
</game>
<game info="Rose Bowl"> 
<team tnum="1"><name>Ohio State</name><score>20</score><line>-2.0</line></team>
<team tnum="2"><name>Arizona State</name><score>17</score><line>2</line></team>
</game>
<game info="Fiesta Bowl"> 
<team tnum="1"><name>Texas</name><score>15</score><line>-1.0</line></team>
<team tnum="2"><name>Penn State</name><score>38</score><line>1</line></team>
</game>
</date>
<date day="1997-01-02">
<game info="Sugar Bowl"> 
<team tnum="1"><name>Florida</name><score>52</score><line>-3.0</line></team>
<team tnum="2"><name>Florida State</name><score>20</score><line>3</line></team>
</game>
</date>
</scores>
