<?xml version="1.0" encoding="UTF-8"?> 
<scores>
<league>College Football</league><year>1993</year><season>Bowls</season>
<date day="1993-12-17">
<game info="Las Vegas Bowl"> 
<team tnum="1"><name>Ball State</name><score>33</score></team>
<team tnum="2"><name>Utah State</name><score>42</score></team>
</game>
</date>
<date day="1993-12-24">
<game info="Sun Bowl"> 
<team tnum="1"><name>Texas Tech</name><score>10</score><line>7.5</line></team>
<team tnum="2"><name>Oklahoma</name><score>41</score><line>-7.5</line></team>
</game>
</date>
<date day="1993-12-25">
<game info="Aloha Bowl"> 
<team tnum="1"><name>Fresno State</name><score>30</score><line>8.0</line></team>
<team tnum="2"><name>Colorado</name><score>41</score><line>-8</line></team>
</game>
</date>
<date day="1993-12-28">
<game info="Liberty Bowl"> 
<team tnum="1"><name>Louisville</name><score>18</score><line>-2.5</line></team>
<team tnum="2"><name>Michigan State</name><score>7</score><line>2.5</line></team>
</game>
</date>
<date day="1993-12-29">
<game info="Copper Bowl"> 
<team tnum="1"><name>Wyoming</name><score>17</score><line>3.0</line></team>
<team tnum="2"><name>Kansas State</name><score>52</score><line>-3</line></team>
</game>
</date>
<date day="1993-12-30">
<game info="Holiday Bowl"> 
<team tnum="1"><name>Brigham Young</name><score>21</score><line>14.0</line></team>
<team tnum="2"><name>Ohio State</name><score>28</score><line>-14</line></team>
</game>
<game info="Freedom Bowl"> 
<team tnum="1"><name>Southern Cal</name><score>28</score><line>-17.0</line></team>
<team tnum="2"><name>Utah</name><score>21</score><line>17</line></team>
</game>
</date>
<date day="1993-12-31">
<game info="Gator Bowl"> 
<team tnum="1"><name>Alabama</name><score>24</score><line>2.5</line></team>
<team tnum="2"><name>North Carolina</name><score>10</score><line>-2.5</line></team>
</game>
<game info="Peach Bowl"> 
<team tnum="1"><name>Clemson</name><score>14</score><line>-2.5</line></team>
<team tnum="2"><name>Kentucky</name><score>13</score><line>2.5</line></team>
</game>
<game info="Alamo Bowl"> 
<team tnum="1"><name>Iowa</name><score>3</score><line>9.0</line></team>
<team tnum="2"><name>California</name><score>37</score><line>-9</line></team>
</game>
<game info="Independence Bowl"> 
<team tnum="1"><name>Virginia Tech</name><score>45</score><line>-3.0</line></team>
<team tnum="2"><name>Indiana</name><score>20</score><line>3</line></team>
</game>
</date>
<date day="1994-01-01">
<game info="Blockbuster Bowl"> 
<team tnum="1"><name>Boston College</name><score>31</score><line>-5.5</line></team>
<team tnum="2"><name>Virginia</name><score>13</score><line>5.5</line></team>
</game>
<game info="Orange Bowl"> 
<team tnum="1"><name>Florida State</name><score>18</score><line>-17.5</line></team>
<team tnum="2"><name>Nebraska</name><score>16</score><line>17.5</line></team>
</game>
<game info="Fiesta Bowl"> 
<team tnum="1"><name>Miami-Florida</name><score>0</score><line>-5.5</line></team>
<team tnum="2"><name>Arizona</name><score>29</score><line>5.5</line></team>
</game>
<game info="Hall of Fame Bowl"> 
<team tnum="1"><name>Michigan</name><score>42</score><line>-14.0</line></team>
<team tnum="2"><name>No Carolina State</name><score>7</score><line>14</line></team>
</game>
<game info="Cotton Bowl"> 
<team tnum="1"><name>Notre Dame</name><score>24</score><line>-6.0</line></team>
<team tnum="2"><name>Texas A+M</name><score>21</score><line>6</line></team>
</game>
<game info="Citrus Bowl"> 
<team tnum="1"><name>Penn State</name><score>31</score><line>9.0</line></team>
<team tnum="2"><name>Tennessee</name><score>13</score><line>-9</line></team>
</game>
<game info="Rose Bowl"> 
<team tnum="1"><name>U.C.L.A.</name><score>16</score><line>-7.0</line></team>
<team tnum="2"><name>Wisconsin</name><score>21</score><line>7</line></team>
</game>
<game info="Sugar Bowl"> 
<team tnum="1"><name>West Virginia</name><score>7</score><line>6.5</line></team>
<team tnum="2"><name>Florida</name><score>41</score><line>-6.5</line></team>
</game>
</date>
</scores>
