<?xml version="1.0" encoding="UTF-8"?> 
<scores>
<league>College Football</league><year>2003</year><season>Bowls</season>
<date day="2003-12-16">
<game info="New Orleans Bowl"> 
<team tnum="1"><name>North Texas</name><score>17</score><line>4.0</line></team>
<team tnum="2"><name>Memphis</name><score>27</score><line>-4</line></team>
</game>
</date>
<date day="2003-12-18">
<game info="GMAC Bowl"> 
<team tnum="1"><name>Miami-Ohio</name><score>49</score><line>-14.0</line></team>
<team tnum="2"><name>Louisville</name><score>28</score><line>14</line></team>
</game>
</date>
<date day="2003-12-22">
<game info="Tangerine Bowl"> 
<team tnum="1"><name>No Carolina State</name><score>56</score><line>-11.0</line></team>
<team tnum="2"><name>Kansas</name><score>26</score><line>11</line></team>
</game>
</date>
<date day="2003-12-23">
<game info="Fort Worth Bowl"> 
<team tnum="1"><name>Texas Christian</name><score>31</score><line>11.5</line></team>
<team tnum="2"><name>Boise State</name><score>34</score><line>-11.5</line></team>
</game>
</date>
<date day="2003-12-24">
<game info="Las Vegas Bowl"> 
<team tnum="1"><name>New Mexico</name><score>14</score><line>2.5</line></team>
<team tnum="2"><name>Oregon State</name><score>55</score><line>-2.5</line></team>
</game>
</date>
<date day="2003-12-25">
<game info="Hawaii Bowl"> 
<team tnum="1"><name>Houston</name><score>48</score><line>10.5</line></team>
<team tnum="2"><name>Hawaii</name><score>54</score><line>-10.5</line></team>
</game>
</date>
<date day="2003-12-26">
<game info="Motor City Bowl"> 
<team tnum="1"><name>Bowling Green</name><score>28</score><line>-6.0</line></team>
<team tnum="2"><name>Northwestern</name><score>24</score><line>6</line></team>
</game>
<game info="Insight Bowl"> 
<team tnum="1"><name>Virginia Tech</name><score>49</score><line>-3.0</line></team>
<team tnum="2"><name>California</name><score>52</score><line>3</line></team>
</game>
</date>
<date day="2003-12-27">
<game info="Continental Tire Bowl"> 
<team tnum="1"><name>Pittsburgh</name><score>16</score><line>3.0</line></team>
<team tnum="2"><name>Virginia</name><score>23</score><line>-3</line></team>
</game>
</date>
<date day="2003-12-29">
<game info="Alamo Bowl"> 
<team tnum="1"><name>Michigan State</name><score>3</score><line>3.5</line></team>
<team tnum="2"><name>Nebraska</name><score>17</score><line>-3.5</line></team>
</game>
</date>
<date day="2003-12-30">
<game info="Houston Bowl"> 
<team tnum="1"><name>Navy</name><score>14</score><line>10.0</line></team>
<team tnum="2"><name>Texas Tech</name><score>38</score><line>-10</line></team>
</game>
<game info="Holiday Bowl"> 
<team tnum="1"><name>Texas</name><score>20</score><line>-9.5</line></team>
<team tnum="2"><name>Washington State</name><score>28</score><line>9.5</line></team>
</game>
<game info="Silicon Valley Bowl"> 
<team tnum="1"><name>U.C.L.A.</name><score>9</score><line>-3.0</line></team>
<team tnum="2"><name>Fresno State</name><score>17</score><line>3</line></team>
</game>
</date>
<date day="2003-12-31">
<game info="Music City Bowl"> 
<team tnum="1"><name>Wisconsin</name><score>14</score><line>3.0</line></team>
<team tnum="2"><name>Auburn</name><score>28</score><line>-3</line></team>
</game>
<game info="Sun Bowl"> 
<team tnum="1"><name>Minnesota</name><score>31</score><line>-5.0</line></team>
<team tnum="2"><name>Oregon</name><score>30</score><line>5</line></team>
</game>
<game info="Liberty Bowl"> 
<team tnum="1"><name>Utah</name><score>17</score><line>-2.5</line></team>
<team tnum="2"><name>Southern Miss</name><score>0</score><line>2.5</line></team>
</game>
<game info="Independence Bowl"> 
<team tnum="1"><name>Arkansas</name><score>27</score><line>-3.5</line></team>
<team tnum="2"><name>Missouri</name><score>14</score><line>3.5</line></team>
</game>
<game info="San Francisco Bowl"> 
<team tnum="1"><name>Colorado State</name><score>21</score><line>1.0</line></team>
<team tnum="2"><name>Boston College</name><score>35</score><line>-1</line></team>
</game>
</date>
<date day="2004-01-01">
<game info="Outback Bowl"> 
<team tnum="1"><name>Florida</name><score>17</score><line>-4.0</line></team>
<team tnum="2"><name>Iowa</name><score>37</score><line>4</line></team>
</game>
<game info="Gator Bowl"> 
<team tnum="1"><name>West Virginia</name><score>7</score><line>4.5</line></team>
<team tnum="2"><name>Maryland</name><score>41</score><line>-4.5</line></team>
</game>
<game info="Capital One Bowl"> 
<team tnum="1"><name>Purdue</name><score>27</score><line>3.5</line></team>
<team tnum="2"><name>Georgia</name><score>34</score><line>-3.5</line></team>
</game>
<game info="Rose Bowl"> 
<team tnum="1"><name>Michigan</name><score>14</score><line>7.0</line></team>
<team tnum="2"><name>Southern Cal</name><score>28</score><line>-7</line></team>
</game>
<game info="Orange Bowl"> 
<team tnum="1"><name>Florida State</name><score>14</score><line>-2.0</line></team>
<team tnum="2"><name>Miami-Florida</name><score>16</score><line>2</line></team>
</game>
</date>
<date day="2004-01-02">
<game info="Cotton Bowl"> 
<team tnum="1"><name>Oklahoma State</name><score>28</score><line>3.0</line></team>
<team tnum="2"><name>Mississippi</name><score>31</score><line>-3</line></team>
</game>
<game info="Peach Bowl"> 
<team tnum="1"><name>Clemson</name><score>27</score><line>4.5</line></team>
<team tnum="2"><name>Tennessee</name><score>14</score><line>-4.5</line></team>
</game>
<game info="Fiesta Bowl"> 
<team tnum="1"><name>Ohio State</name><score>35</score><line>7.0</line></team>
<team tnum="2"><name>Kansas State</name><score>28</score><line>-7</line></team>
</game>
</date>
<date day="2004-01-03">
<game info="Humanitarian Bowl"> 
<team tnum="1"><name>Georgia Tech</name><score>52</score><line>-7.5</line></team>
<team tnum="2"><name>Tulsa</name><score>10</score><line>7.5</line></team>
</game>
</date>
<date day="2004-01-04">
<game info="Sugar Bowl"> 
<team tnum="1"><name>Louisiana State</name><score>21</score><line>6.0</line></team>
<team tnum="2"><name>Oklahoma</name><score>14</score><line>-6</line></team>
</game>
</date>
</scores>
