<?xml version="1.0" encoding="UTF-8"?> 
<scores>
<year>2010</year><league>College Football</league><season>Bowls</season>
<date day="2010-12-18">
<game info="New Mexico Bowl"><team tnum="1"><name>UTEP</name><score>24</score><line>11.5</line></team>
<team tnum="2"><name>Brigham Young</name><score>52</score><line>-11.5</line></team></game>
<game info="Humanitarian Bowl"><team tnum="1"><name>Northern Illinois</name><score>40</score><line>-1.5</line></team>
<team tnum="2"><name>Fresno State</name><score>17</score><line>1.5</line></team></game>
<game info="New Orleans Bowl"><team tnum="1"><name>Ohio</name><score>21</score><line>2.0</line></team>
<team tnum="2"><name>Troy</name><score>48</score><line>-2</line></team></game>
</date>
<date day="2010-12-21">
<game info="Beef 'O' Brady's Bowl"><team tnum="1"><name>Louisville</name><score>31</score><line>-2.5</line></team>
<team tnum="2"><name>Southern Miss</name><score>28</score><line>2.5</line></team></game>
</date>
<date day="2010-12-22">
<game info="Maaco Bowl"><team tnum="1"><name>Utah</name><score>3</score><line>16.5</line></team>
<team tnum="2"><name>Boise State</name><score>26</score><line>-16.5</line></team></game>
</date>
<date day="2010-12-23">
<game info="Poinsettia Bowl"><team tnum="1"><name>Navy</name><score>14</score><line>3.0</line></team>
<team tnum="2"><name>San Diego State</name><score>35</score><line>-3</line></team></game>
</date>
<date day="2010-12-24">
<game info="Hawaii Bowl"><team tnum="1"><name>Tulsa</name><score>62</score><line>10.0</line></team>
<team tnum="2"><name>Hawaii</name><score>35</score><line>-10</line></team></game>
</date>
<date day="2010-12-26">
<game info="Little Caesars Pizza Bowl"><team tnum="1"><name>Florida Intl</name><score>34</score><line>1.5</line></team>
<team tnum="2"><name>Toledo</name><score>32</score><line>-1.5</line></team></game>
</date>
<date day="2010-12-27">
<game info="Independence Bowl"><team tnum="1"><name>Georgia Tech</name><score>7</score><line>3.0</line></team>
<team tnum="2"><name>Air Force</name><score>14</score><line>-3</line></team></game>
</date>
<date day="2010-12-28">
<game info="Champs Sports Bowl"><team tnum="1"><name>No Carolina State</name><score>23</score><line>3.0</line></team>
<team tnum="2"><name>West Virginia</name><score>7</score><line>-3</line></team></game>
<game info="Insight Bowl"><team tnum="1"><name>Missouri</name><score>24</score><line>-3.0</line></team>
<team tnum="2"><name>Iowa</name><score>27</score><line>3</line></team></game>
</date>
<date day="2010-12-29">
<game info="Military Bowl"><team tnum="1"><name>East Carolina</name><score>20</score><line>7.5</line></team>
<team tnum="2"><name>Maryland</name><score>51</score><line>-7.5</line></team></game>
<game info="Texas Bowl"><team tnum="1"><name>Illinois</name><score>38</score><line>1.0</line></team>
<team tnum="2"><name>Baylor</name><score>14</score><line>-1</line></team></game>
<game info="Alamo Bowl"><team tnum="1"><name>Arizona</name><score>10</score><line>4.5</line></team>
<team tnum="2"><name>Oklahoma State</name><score>36</score><line>-4.5</line></team></game>
</date>
<date day="2010-12-30">
<game info="Armed Forces Bowl"><team tnum="1"><name>Army</name><score>16</score><line>7.0</line></team>
<team tnum="2"><name>S-M-U</name><score>14</score><line>-7</line></team></game>
<game info="Pinstripe Bowl"><team tnum="1"><name>Kansas State</name><score>34</score><line>0.0</line></team>
<team tnum="2"><name>Syracuse</name><score>36</score><line>0</line></team></game>
<game info="Music City Bowl"><team tnum="1"><name>North Carolina</name><score>30</score><line>-1.0</line></team>
<team tnum="2"><name>Tennessee</name><score>27</score><line>1</line></team></game>
<game info="Holiday Bowl"><team tnum="1"><name>Washington</name><score>19</score><line>14.0</line></team>
<team tnum="2"><name>Nebraska</name><score>7</score><line>-14</line></team></game>
</date>
<date day="2010-12-31">
<game info="Meineke Car Care Bowl"><team tnum="1"><name>South Florida</name><score>31</score><line>6.0</line></team>
<team tnum="2"><name>Clemson</name><score>26</score><line>-6</line></team></game>
<game info="Sun Bowl"><team tnum="1"><name>Notre Dame</name><score>33</score><line>3.0</line></team>
<team tnum="2"><name>Miami-Florida</name><score>17</score><line>-3</line></team></game>
<game info="Liberty Bowl"><team tnum="1"><name>U-C-F</name><score>10</score><line>6.5</line></team>
<team tnum="2"><name>Georgia</name><score>6</score><line>-6.5</line></team></game>
<game info="Chick-fil-A Bowl"><team tnum="1"><name>Florida State</name><score>26</score><line>3.0</line></team>
<team tnum="2"><name>South Carolina</name><score>17</score><line>-3</line></team></game>
</date>
<date day="2011-01-01">
<game info="TicketCity Bowl"><team tnum="1"><name>Northwestern</name><score>38</score><line>7.5</line></team>
<team tnum="2"><name>Texas Tech</name><score>45</score><line>-7.5</line></team></game>
<game info="Outback Bowl"><team tnum="1"><name>Penn State</name><score>24</score><line>6.5</line></team>
<team tnum="2"><name>Florida</name><score>37</score><line>-6.5</line></team></game>
<game info="Capital One Bowl"><team tnum="1"><name>Michigan State</name><score>7</score><line>8.0</line></team>
<team tnum="2"><name>Alabama</name><score>49</score><line>-8</line></team></game>
<game info="Gator Bowl"><team tnum="1"><name>Michigan</name><score>14</score><line>3.0</line></team>
<team tnum="2"><name>Mississippi State</name><score>52</score><line>-3</line></team></game>
<game info="Rose Bowl"><team tnum="1"><name>Texas Christian</name><score>21</score><line>-3.0</line></team>
<team tnum="2"><name>Wisconsin</name><score>19</score><line>3</line></team></game>
<game info="Fiesta Bowl"><team tnum="1"><name>Connecticut</name><score>20</score><line>15.0</line></team>
<team tnum="2"><name>Oklahoma</name><score>48</score><line>-15</line></team></game>
</date>
<date day="2011-01-03">
<game info="Orange Bowl"><team tnum="1"><name>Virginia Tech</name><score>12</score><line>3.5</line></team>
<team tnum="2"><name>Stanford</name><score>40</score><line>-3.5</line></team></game>
</date>
<date day="2011-01-04">
<game info="Sugar Bowl"><team tnum="1"><name>Arkansas</name><score>26</score><line>3.0</line></team>
<team tnum="2"><name>Ohio State</name><score>31</score><line>-3</line></team></game>
</date>
<date day="2011-01-06">
<game info="GoDaddy.com Bowl"><team tnum="1"><name>Middle Tennessee</name><score>21</score><line>-2.0</line></team>
<team tnum="2"><name>Miami-Ohio</name><score>35</score><line>2</line></team></game>
</date>
<date day="2011-01-07">
<game info="Cotton Bowl"><team tnum="1"><name>Texas A+M</name><score>24</score><line>2.5</line></team>
<team tnum="2"><name>Louisiana State</name><score>41</score><line>-2.5</line></team></game>
</date>
<date day="2011-01-08">
<game info="BBVA Compass Bowl"><team tnum="1"><name>Kentucky</name><score>10</score><line>4.5</line></team>
<team tnum="2"><name>Pittsburgh</name><score>27</score><line>-4.5</line></team></game>
</date>
<date day="2011-01-09">
<game info="Fight Hunger Bowl"><team tnum="1"><name>Boston College</name><score>13</score><line>7.5</line></team>
<team tnum="2"><name>Nevada-Reno</name><score>20</score><line>-7.5</line></team></game>
</date>
<date day="2011-01-10">
<game info="BCS Title Game"><team tnum="1"><name>Oregon</name><score>19</score><line>1.5</line></team>
<team tnum="2"><name>Auburn</name><score>22</score><line>-1.5</line></team></game>
</date>
</scores>
