<?xml version="1.0" encoding="UTF-8"?> 
<scores>
<league>College Football</league><year>1982</year><season>Bowls</season>
<date day="1982-12-11">
<game info="Independence Bowl"> 
<team tnum="1"><name>Kansas State</name><score>3</score><line>1.0</line></team>
<team tnum="2"><name>Wisconsin</name><score>14</score><line>-1</line></team>
</game>
</date>
<date day="1982-12-17">
<game info="Holiday Bowl"> 
<team tnum="1"><name>Brigham Young</name><score>17</score><line>6.0</line></team>
<team tnum="2"><name>Ohio State</name><score>47</score><line>-6</line></team>
</game>
</date>
<date day="1982-12-18">
<game info="Tangerine Bowl"> 
<team tnum="1"><name>Auburn</name><score>33</score><line>-6.0</line></team>
<team tnum="2"><name>Boston College</name><score>26</score><line>6</line></team>
</game>
<game info="California Bowl"> 
<team tnum="1"><name>Bowling Green</name><score>28</score></team>
<team tnum="2"><name>Fresno State</name><score>29</score></team>
</game>
</date>
<date day="1982-12-25">
<game info="Aloha Bowl"> 
<team tnum="1"><name>Maryland</name><score>20</score><line>1.0</line></team>
<team tnum="2"><name>Washington</name><score>21</score><line>-1</line></team>
</game>
<game info="Sun Bowl"> 
<team tnum="1"><name>North Carolina</name><score>26</score><line>6.0</line></team>
<team tnum="2"><name>Texas</name><score>10</score><line>-6</line></team>
</game>
</date>
<date day="1982-12-29">
<game info="Liberty Bowl"> 
<team tnum="1"><name>Alabama</name><score>21</score><line>-5.5</line></team>
<team tnum="2"><name>Illinois</name><score>15</score><line>5.5</line></team>
</game>
</date>
<date day="1982-12-30">
<game info="Gator Bowl"> 
<team tnum="1"><name>Florida State</name><score>31</score><line>-3.0</line></team>
<team tnum="2"><name>West Virginia</name><score>12</score><line>3</line></team>
</game>
</date>
<date day="1982-12-31">
<game info="Hall of Fame Bowl"> 
<team tnum="1"><name>Air Force</name><score>36</score><line>8.0</line></team>
<team tnum="2"><name>Vanderbilt</name><score>28</score><line>-8</line></team>
</game>
<game info="Bluebonnet Bowl"> 
<team tnum="1"><name>Arkansas</name><score>28</score><line>-2.0</line></team>
<team tnum="2"><name>Florida</name><score>24</score><line>2</line></team>
</game>
<game info="Peach Bowl"> 
<team tnum="1"><name>Iowa</name><score>28</score><line>1.0</line></team>
<team tnum="2"><name>Tennessee</name><score>22</score><line>-1</line></team>
</game>
</date>
<date day="1983-01-01">
<game info="Sugar Bowl"> 
<team tnum="1"><name>Georgia</name><score>23</score><line>4.0</line></team>
<team tnum="2"><name>Penn State</name><score>27</score><line>-4</line></team>
</game>
<game info="Orange Bowl"> 
<team tnum="1"><name>Louisiana State</name><score>20</score><line>7.0</line></team>
<team tnum="2"><name>Nebraska</name><score>21</score><line>-7</line></team>
</game>
<game info="Rose Bowl"> 
<team tnum="1"><name>Michigan</name><score>14</score><line>3.0</line></team>
<team tnum="2"><name>U.C.L.A.</name><score>24</score><line>-3</line></team>
</game>
<game info="Fiesta Bowl"> 
<team tnum="1"><name>Oklahoma</name><score>21</score><line>1.0</line></team>
<team tnum="2"><name>Arizona State</name><score>32</score><line>-1</line></team>
</game>
<game info="Cotton Bowl"> 
<team tnum="1"><name>Pittsburgh</name><score>3</score><line>0.0</line></team>
<team tnum="2"><name>S-M-U</name><score>7</score><line>0</line></team>
</game>
</date>
</scores>
